,Time,"I(1,7) tq = linear flat","I(1,7) tq = 10","I(1,7) tq = 100"
0,0.0,-5.462509124095878e-16,-5.462509124095878e-16,-5.462509124095878e-16
1,0.001,6.308193171381676e-16,1.5416541741114509e-15,-6.866709756142217e-16
2,0.002,2.757010928149811e-15,1.9493006384388445e-15,3.005543947401379e-15
3,0.003,1.112269456225723e-14,1.3367101479519472e-14,1.2912278668161803e-14
4,0.004,4.376967538410881e-14,4.553817175775854e-14,4.565195877576089e-14
5,0.005,1.2065207773831466e-13,1.240588578046986e-13,1.2105447937463265e-13
6,0.006,2.7013081441845666e-13,2.8228938284136085e-13,2.70889972779631e-13
7,0.007,5.290426300166851e-13,5.626781592743546e-13,5.328327839712599e-13
8,0.008,9.258639861731144e-13,1.0092029208846887e-12,9.353752581514607e-13
9,0.009000000000000001,1.481095628086404e-12,1.6645452377561654e-12,1.4989216465255417e-12
10,0.01,2.190522936651451e-12,2.5600693440153144e-12,2.2278810740683497e-12
11,0.011,3.0273236174827023e-12,3.710145472096693e-12,3.0994798741468266e-12
12,0.012,3.941138214391682e-12,5.102048991623143e-12,4.062784830782817e-12
13,0.013000000000000001,4.857659413604054e-12,6.703936017427026e-12,5.054774307455823e-12
14,0.014,5.7036424194745194e-12,8.470810858307587e-12,5.996449864431597e-12
15,0.015,6.405998995151485e-12,1.0347613391137322e-11,6.819851974815272e-12
16,0.016,6.92547061365012e-12,1.2296106841058752e-11,7.487382241988527e-12
17,0.017,7.26892331048834e-12,1.4303284251449e-11,7.989345296444128e-12
18,0.018000000000000002,7.480675801030401e-12,1.6398226526659343e-11,8.36962443795386e-12
19,0.019,7.638608495730281e-12,1.864160908970902e-11,8.696696141008431e-12
20,0.02,7.841519100715288e-12,2.1116192128189937e-11,9.056151661912537e-12
21,0.021,8.15573303336592e-12,2.389551750914265e-11,9.520693261544366e-12
22,0.022,8.61821725095524e-12,2.701444623554039e-11,1.0109659637214108e-11
23,0.023,9.192060307361416e-12,3.0416925922427396e-11,1.0784626663928876e-11
24,0.024,9.780933007963455e-12,3.3941488508659745e-11,1.1439647840116862e-11
25,0.025,1.0259706278992198e-11,3.733169329223074e-11,1.1930317844743854e-11
26,0.026000000000000002,1.0497297475708933e-11,4.025028227383487e-11,1.2113129943536194e-11
27,0.027,1.041677161195409e-11,4.235871375879441e-11,1.1893715179400743e-11
28,0.028,1.0028776420423213e-11,4.3406514493860016e-11,1.1279824296828167e-11
29,0.029,9.427028602182475e-12,4.3328320098456885e-11,1.0391215665706e-11
30,0.03,8.778311411106188e-12,4.235267692109801e-11,9.449635518521404e-12
31,0.031,8.278849827902945e-12,4.104360601386858e-11,8.72333455470553e-12
32,0.032,8.076282698166182e-12,4.0285649816063085e-11,8.468427348251595e-12
33,0.033,8.257117212195908e-12,4.112338941597571e-11,8.847741983508683e-12
34,0.034,8.818869245974525e-12,4.441631090701392e-11,9.908823761506369e-12
35,0.035,9.69603564104915e-12,5.03751623748272e-11,1.1574644021017377e-11
36,0.036000000000000004,1.082173239908002e-11,5.821009646522768e-11,1.3675935384149795e-11
37,0.037,1.2173581587227034e-11,6.635558769119143e-11,1.6020795801097165e-11
38,0.038,1.3820285194032778e-11,7.339271551609627e-11,1.852482056641236e-11
39,0.039,1.6004510217104695e-11,7.93653337494149e-11,2.144731614528439e-11
40,0.04,1.9178922339158078e-11,8.670487938733373e-11,2.5871332853810713e-11
41,0.041,2.4110879959238218e-11,1.0038959941116588e-10,3.451831181999765e-11
42,0.042,3.198248610392085e-11,1.272471017443877e-10,5.29814941918616e-11
43,0.043000000000000003,4.4526174414194486e-11,1.7483590963873752e-10,9.142701873354753e-11
44,0.044,6.422774811998266e-11,2.5013147109120837e-10,1.6678535635916703e-10
45,0.045,9.473484496869133e-11,3.583484897706768e-10,3.0557131824870964e-10
46,0.046,1.417032047257294e-10,5.0211360069774e-10,5.478046904983103e-10
47,0.047,2.145880625969987e-10,6.813315467368852e-10,9.528722602625272e-10
48,0.048,3.301923040543997e-10,8.943974449948655e-10,1.6087782980789278e-09
49,0.049,5.192726110214707e-10,1.1418543610641763e-09,2.646914548654067e-09
50,0.05,8.379253263468556e-10,1.4343994880761102e-09,4.265217810883737e-09
51,0.051000000000000004,1.385834350053905e-09,1.8080796304609237e-09,6.763456981973004e-09
52,0.052000000000000005,2.333273310672901e-09,2.3505276613988713e-09,1.0595032802485083e-08
53,0.053,3.957704455825883e-09,3.2424901930117045e-09,1.6440006474216506e-08
54,0.054,6.688423218048634e-09,4.818154736296876e-09,2.5302689339590234e-08
55,0.055,1.1153871881663946e-08,7.644285843211307e-09,3.8633151393241416e-08
56,0.056,1.8221091538372924e-08,1.2610767152754221e-08,5.846209086279863e-08
57,0.057,2.9011867699879623e-08,2.1012506790096808e-08,8.752037466280838e-08
58,0.058,4.4876983740227416e-08,3.458510244858104e-08,1.2928465387140875e-07
59,0.059000000000000004,6.731185180075538e-08,5.5437886642417666e-08,1.8784998197240999e-07
60,0.06,9.780539309001135e-08,8.58183977769933e-08,2.6749120725366726e-07
61,0.061,1.376302439931587e-07,1.2765942619674675e-07,3.717707092801281e-07
62,0.062,1.8760355938174378e-07,1.8192573503217346e-07,5.021446171787902e-07
63,0.063,2.478678296918835e-07,2.4789919919609993e-07,6.562821764852234e-07
64,0.064,3.177529999398576e-07,3.226835049996435e-07,8.267269236000852e-07
65,0.065,3.957775860929935e-07,4.0127423772684523e-07,1.0008510750586508e-06
66,0.066,4.798259270050176e-07,4.774111909133794e-07,1.1628302149929715e-06
67,0.067,5.675047643621811e-07,5.450928654560094e-07,1.2973613508354687e-06
68,0.068,6.566456051682046e-07,6.002683393124819e-07,1.3936384782170519e-06
69,0.069,7.458916117114578e-07,6.421023302227713e-07,1.4478012315549682e-06
70,0.07,8.353000268412902e-07,6.734411526210238e-07,1.4630624761077793e-06
71,0.07100000000000001,9.269078082296822e-07,7.005091378076145e-07,1.448079132798652e-06
72,0.07200000000000001,1.025246729208229e-06,7.321535672732971e-07,1.4147528654279151e-06
73,0.073,1.137846865256753e-06,7.790051767542217e-07,1.3763859491103259e-06
74,0.074,1.2758237181720311e-06,8.528077141412016e-07,1.346541200888951e-06
75,0.075,1.4546971972562162e-06,9.66036939720194e-07,1.338547955337388e-06
76,0.076,1.6956366154091684e-06,1.1318635293466883e-06,1.3654664945544903e-06
77,0.077,2.0273641983536983e-06,1.36452773819018e-06,1.4403724443723398e-06
78,0.078,2.488974669256905e-06,1.6802613609367967e-06,1.576941169950663e-06
79,0.079,3.1339221131798656e-06,2.098983904075258e-06,1.790445563421006e-06
80,0.08,4.035349753170325e-06,2.6470891890117976e-06,2.0994150325415184e-06
81,0.081,5.292738572915123e-06,3.361695507742013e-06,2.5283350939264704e-06
82,0.082,7.039467898886653e-06,4.296709080031658e-06,3.111876913639011e-06
83,0.083,9.450287051543382e-06,5.530866737823992e-06,3.901178972059993e-06
84,0.084,1.2746940723742939e-05,7.1774629105125776e-06,4.97254989564877e-06
85,0.085,1.719944606558277e-05,9.394595471112765e-06,6.438453268003963e-06
86,0.08600000000000001,2.3120094914813594e-05,1.2393403453436758e-05,8.459575155717047e-06
87,0.08700000000000001,3.084752677680325e-05,1.644002710338155e-05,1.1255045723371215e-05
88,0.088,4.071947720712954e-05,2.1845393495811827e-05,1.5105660694528233e-05
89,0.089,5.3035063196871235e-05,2.8936458721429137e-05,2.0342962451305735e-05
90,0.09,6.801032943559715e-05,3.800469283504748e-05,2.731673982390992e-05
91,0.091,8.573349235790895e-05,4.92336330913945e-05,3.633674460432057e-05
92,0.092,0.00010612799904624604,6.261705576221521e-05,4.759242943072617e-05
93,0.093,0.00012893148593182135,7.78898015014462e-05,6.106625646715158e-05
94,0.094,0.00015369678646612317,9.449886566428867e-05,7.646705577946111e-05
95,0.095,0.00017981769565653116,0.00011163710342587674,9.321280101340368e-05
96,0.096,0.0002065781088954749,0.0001283441757201076,0.00011048137220801002
97,0.097,0.00023321942271299634,0.0001436553059447898,0.00012732515022259583
98,0.098,0.00025901853637093353,0.00015676002292452917,0.0001428214803869815
99,0.099,0.00028336782453036724,0.00016713050453337486,0.00015621943654497983
100,0.1,0.00030584900092152367,0.00017459318185000794,0.00016704976193529508
101,0.101,0.00032629447493219554,0.00017933900786459844,0.0001751829350570555
102,0.10200000000000001,0.00034483211523811397,0.00018188583635453393,0.00018083451428063668
103,0.10300000000000001,0.00036191182948097644,0.00018301437664414166,0.0001845309976915288
104,0.10400000000000001,0.0003783147178636759,0.0001836978685590962,0.00018705227010809566
105,0.105,0.0003951475197447457,0.0001850394638838182,0.000189364077220755
106,0.106,0.00041382641742250537,0.00018822465628631768,0.00019255011276794742
107,0.107,0.00043605472647462173,0.0001944912375622665,0.00019774998008637024
108,0.108,0.0004637983114016836,0.00020511646920395865,0.000206107105192338
109,0.109,0.0004992605333816319,0.00022141968656158584,0.00021872941357059528
110,0.11,0.0005448552271265367,0.0002447773914616147,0.00023666475509168117
111,0.111,0.0006031720873344304,0.0002766462160129213,0.0002608921974209255
112,0.112,0.0006769248789624954,0.00031858650006327816,0.00029232897867748076
113,0.113,0.0007688704265809698,0.0003722756478271583,0.00033185068091290404
114,0.114,0.0008816868376354953,0.0004394965697876174,0.00038031862177251297
115,0.115,0.0010178039462640093,0.0005220837531891565,0.000438603314506153
116,0.116,0.0011791877257091438,0.0006218098135973016,0.0005075865085821807
117,0.117,0.0013670923958011144,0.0007402007787552789,0.0005881185080526818
118,0.11800000000000001,0.0015818068767254195,0.0008782799497041027,0.0006809058776013621
119,0.11900000000000001,0.0018224328776812598,0.001036257197171292,0.0007863131380361765
120,0.12,0.002086736727443847,0.0012131999972126162,0.0009040871309956566
121,0.121,0.0023711132381587924,0.001406739896482656,0.0010330561735515387
122,0.122,0.002670686537360481,0.0016128788403010907,0.001170904708056808
123,0.123,0.002979551806167227,0.001825960341781535,0.0013141436726948896
124,0.124,0.0032911379219389553,0.002038858333472282,0.0014583514580221446
125,0.125,0.003598650334046216,0.002243409758757864,0.0015986567604962532
126,0.126,0.003895541598930824,0.0024310748734074072,0.0017303365938178827
127,0.127,0.004175956511184645,0.0025937560945284432,0.001849375342212134
128,0.128,0.004435108588638492,0.0027246554776785836,0.00195287721545076
129,0.129,0.004669560745624746,0.0028190238140244628,0.002039295868106583
130,0.13,0.004877400243035693,0.0028746690343102177,0.0021084967982455127
131,0.131,0.005058312282603894,0.002892148310830983,0.002161689204515288
132,0.132,0.0052135657500580745,0.002874644931856879,0.002201264741174158
133,0.133,0.005345928409381459,0.0028275961196132515,0.002230573972805072
134,0.134,0.005459528373957551,0.0027581699265459003,0.0022536645495503382
135,0.135,0.005559675429165814,0.0026746865142396603,0.002275000461723936
136,0.136,0.005652651131964143,0.002586054630281165,0.002299179063488921
137,0.137,0.005745471634858612,0.0025012640773186823,0.0023306610180994225
138,0.138,0.005845622723361046,0.0024289501461049468,0.0023735269584620466
139,0.139,0.005960763427772062,0.0023770300064640815,0.002431272618146657
140,0.14,0.006098393655288692,0.002352402956839167,0.0025066507898371393
141,0.14100000000000001,0.006265483492111534,0.002360703775064782,0.002601563304601734
142,0.14200000000000002,0.006468067835183222,0.0024060991903771534,0.002716999308329554
143,0.14300000000000002,0.006710819925704589,0.002491120732640073,0.002853008116147915
144,0.14400000000000002,0.006996630275716925,0.002616532649797082,0.003008687588771597
145,0.145,0.00732623123853729,0.002781240993439432,0.0031821656016134403
146,0.146,0.0076979186489526535,0.0029822584405664876,0.0033705578156249527
147,0.147,0.008107426332657597,0.0032147468176533245,0.0035699051277580107
148,0.148,0.008548002872416652,0.0034721622092735993,0.0037751304920138895
149,0.149,0.009010720601071165,0.003746521999555913,0.003980097110568986
150,0.15,0.009485015539220085,0.004028796463209611,0.004177870262361716
151,0.151,0.00995941936870072,0.004309400653635803,0.004361246446079714
152,0.152,0.01042240949241896,0.004578732326117996,0.004523504956917418
153,0.153,0.01086328041387305,0.004827680833777687,0.004659210015882237
154,0.154,0.011272935494743369,0.005048033012665404,0.0047648410714947464
155,0.155,0.011644512943228505,0.005232729989917778,0.0048391040057621515
156,0.156,0.011973787891525686,0.005375975350507267,0.0048829186737096575
157,0.157,0.01225932478270357,0.005473241330441747,0.004899181551551779
158,0.158,0.012502383156608607,0.005521246330439489,0.004892416722575871
159,0.159,0.012706601271385856,0.005517974376568785,0.004868385337501224
160,0.16,0.012877495908777847,0.005462778281651204,0.0048336771542036305
161,0.161,0.01302182568396612,0.005356565090298304,0.004795285336428701
162,0.162,0.013146871848841751,0.005202019579655992,0.004760165757954293
163,0.163,0.013259696140191846,0.005003792120888362,0.004734792424977818
164,0.164,0.013366439044660977,0.004768569708429038,0.0047247315524637234
165,0.165,0.013471722030053118,0.00450496566603098,0.004734263870755706
166,0.166,0.01357821169251093,0.0042231992712137845,0.004766086933895908
167,0.167,0.013686391028511782,0.003934580209598859,0.004821126924123842
168,0.168,0.01379456325128052,0.0036508515746039305,0.00489848326591924
169,0.169,0.013899088527224726,0.0033834695091272127,0.004995519712057028
170,0.17,0.013994827029748608,0.0031429041700051785,0.005108102795191749
171,0.171,0.014075737086363754,0.0029380379499943654,0.005230973100913139
172,0.17200000000000001,0.014135559304518125,0.002775718413586259,0.005358217491307576
173,0.17300000000000001,0.014168509741755472,0.002660500806918209,0.005483792631614748
174,0.17400000000000002,0.014169908664318234,0.002594591901076304,0.0056020345084262235
175,0.17500000000000002,0.014136684763993906,0.002577984515897913,0.005708079261893234
176,0.176,0.014067714156815292,0.00260875008935052,0.005798123555115942
177,0.177,0.013963974510818475,0.0026834352320234123,0.005869474682401898
178,0.178,0.013828513663544525,0.0027974898098934164,0.005920386340538153
179,0.179,0.013666247661162992,0.0029456445148074994,0.005949742332620883
180,0.18,0.013483615805815238,0.003122162884594326,0.005956719324818671
181,0.181,0.013288131166913936,0.0033209219728118633,0.00594059476558112
182,0.182,0.013087874301424288,0.0035353255286619256,0.0059008252532996575
183,0.183,0.012890984249741846,0.0037581114486213707,0.005837393497344662
184,0.184,0.012705201790865095,0.003981161720155002,0.00575126757529712
185,0.185,0.012537513238557951,0.00419543920507337,0.005644742506770772
186,0.186,0.012393927919427339,0.004391152445449242,0.005521502811029699
187,0.187,0.012279400008956776,0.004558192772141534,0.005386399807834091
188,0.188,0.012197878582207222,0.004686815251677134,0.005245060241918953
189,0.189,0.012152443012413777,0.0047684693324202,0.005103467208619955
190,0.19,0.012145459685235102,0.004796645389391008,0.00496760373777172
191,0.191,0.012178686163490701,0.0047675979601958796,0.004843182629501591
192,0.192,0.012253255263264665,0.004680831501690519,0.004735441529848894
193,0.193,0.012369495997735111,0.004539278507948108,0.004648966926315612
194,0.194,0.012526588370365382,0.004349150353875397,0.00458751619209033
195,0.195,0.012722096680649539,0.0041194891003408785,0.004553822573243355
196,0.196,0.012951469846529673,0.0038614879916621936,0.004549386358556284
197,0.197,0.01320762564528409,0.003587675257053835,0.004574271053483486
198,0.198,0.013480740829996535,0.003311066290579423,0.00462693246709614
199,0.199,0.013758348868168374,0.0030443809032384417,0.0047041092655944194
200,0.2,0.014025805562051533,0.0027993959264690504,0.004800796327543294
201,0.201,0.014267128128350737,0.0025864641101316366,0.00491031079727694
202,0.202,0.014466155216314641,0.0024141867913313186,0.005024451624864784
203,0.203,0.01460792326385875,0.0022891906504468595,0.005133754850298447
204,0.20400000000000001,0.014680116266266835,0.0022159376207324666,0.00522786572072427
205,0.20500000000000002,0.014674426740695398,0.002196498442297745,0.005296083204802779
206,0.20600000000000002,0.014587667906150403,0.0022302472636474002,0.0053281608636236155
207,0.20700000000000002,0.014422500549940112,0.0023134855547309874,0.005315422016047497
208,0.20800000000000002,0.014187679813665602,0.002439072241259499,0.005252115802177618
209,0.209,0.01389778204971745,0.0025962117677659213,0.005136720406462833
210,0.21,0.013572432913682056,0.0027706137267266007,0.0049727295702497315
211,0.211,0.01323511639054939,0.0029452578405362306,0.004768523407016861
212,0.212,0.012911691212373802,0.00310193805333292,0.004536255825091498
213,0.213,0.012628767829683432,0.003223583934331198,0.004290083054890162
214,0.214,0.012412101041448742,0.003297070059567031,0.004044252577019014
215,0.215,0.012285131696511159,0.0033159158102598063,0.003811494489054837
216,0.216,0.012267772775998415,0.003282128452822941,0.0036019295853436106
217,0.217,0.012375491467188804,0.0032066018986058875,0.003422488893301004
218,0.218,0.01261869980163241,0.0031079087699432684,0.0032767124949559523
219,0.219,0.013002438293684263,0.0030097758736711278,0.0031647754216807683
220,0.22,0.013526320995413038,0.002937790919713801,0.0030836614431911658
221,0.221,0.014184704121884273,0.0029159192713088533,0.0030275395293124646
222,0.222,0.014967040428632589,0.002963323408250451,0.0029885156404202418
223,0.223,0.015858385142529005,0.003091878989047392,0.0029579018088174702
224,0.224,0.016840025053577415,0.003304699536374689,0.0029278675815961885
225,0.225,0.017890209606288315,0.0035958941529574684,0.0028929456475484394
226,0.226,0.01898497030398641,0.0039516586666275,0.002850737397182057
227,0.227,0.02009902026831281,0.004352628187827001,0.002801538076136062
228,0.228,0.021206726618061056,0.00477721252207397,0.0027471845039912512
229,0.229,0.022283142433754413,0.0052054325549840685,0.0026897348694037426
230,0.23,0.023305072560583492,0.005622625740113074,0.002630493719645133
231,0.231,0.024252131072636796,0.006022339500869056,0.0025696148623610415
232,0.232,0.02510773245387056,0.006407810306160888,0.0025062692585431368
233,0.233,0.02585994840481494,0.0067916297279606574,0.0024392241881119325
234,0.234,0.026502161418406972,0.007193491944735841,0.0023676224974674143
235,0.23500000000000001,0.02703345625879537,0.007636245596911007,0.0022917413057643166
236,0.23600000000000002,0.02745870972408443,0.008140780642637013,0.0022135304810164125
237,0.23700000000000002,0.02778836368428693,0.008720524076450298,0.002136780674332761
238,0.23800000000000002,0.028037891624179273,0.009376469006515564,0.0020668487423492754
239,0.23900000000000002,0.0282269912421117,0.010093701096259733,0.0020099649125943364
240,0.24,0.028378553840799445,0.01084029554424848,0.001972240025370442
241,0.241,0.02851747549711002,0.011569211041107974,0.001958560562520417
242,0.242,0.028669384682754304,0.012223380185188759,0.001971591240839621
243,0.243,0.02885936369094874,0.012743592875801957,0.0020110975871974746
244,0.244,0.029110734878103436,0.013078066446898906,0.0020737562807894294
245,0.245,0.029443969225815242,0.013191974880262358,0.0021535411472464183
246,0.246,0.029875760147924854,0.013074927050547913,0.00224266263688061
247,0.247,0.030418295675349538,0.012744651902495185,0.002332914100012684
248,0.248,0.03107875774505231,0.01224596879369333,0.002417168210214371
249,0.249,0.03185907321586201,0.011645227540203584,0.0024907062419222137
250,0.25,0.032755931144181225,0.011021395494002606,0.0025520773228806526
251,0.251,0.03376106211970953,0.010455548316547492,0.0026032785026272043
252,0.252,0.03486175050045487,0.010020618519307245,0.002649199068075314
253,0.253,0.036041524950403414,0.009772987055971294,0.002696444934386255
254,0.254,0.037280953376107165,0.009747036289702193,0.0027518050275245343
255,0.255,0.038558461046965725,0.00995324492530636,0.0028207018348312962
256,0.256,0.039851099752437405,0.010379867250957298,0.002905962196498857
257,0.257,0.0411352233077595,0.01099774000865128,0.0030071573197813506
258,0.258,0.04238706839205987,0.011767337995368998,0.003120622288005692
259,0.259,0.04358329089435409,0.012646900001962114,0.0032401175071621324
260,0.26,0.04470155060364912,0.013600316163270398,0.00335797718078934
261,0.261,0.04572125107613759,0.01460353504299694,0.003466524941377891
262,0.262,0.04662451068793966,0.015648509090405938,0.0035595218251936456
263,0.263,0.04739736271496944,0.01674410702758755,0.0036334264692453044
264,0.264,0.04803107349613783,0.017913908157684566,0.0036882710992508505
265,0.265,0.04852336161603535,0.019191273077206472,0.0037279873573455302
266,0.266,0.04887923642002068,0.020612484658602437,0.003760072130764791
267,0.267,0.049111180178989966,0.02220902318569673,0.003794583498658688
268,0.268,0.04923848143062687,0.024000157933084076,0.0038425895448896408
269,0.269,0.04928566779651247,0.025987003514565954,0.003914314057277157
270,0.27,0.04928014754353481,0.028149014431025243,0.0040172861534013005
271,0.271,0.049249311547843816,0.030443591202910403,0.004154788732010861
272,0.272,0.04921744508866863,0.03280906372593906,0.00432483091536634
273,0.273,0.0492028426073305,0.03517082600805954,0.0045197743654844524
274,0.274,0.04921550946907034,0.03744986400770911,0.004726648997204486
275,0.275,0.0492557770813552,0.03957242134185257,0.004928114426703101
276,0.276,0.04931405628638602,0.04147920150504181,0.005103964515092818
277,0.277,0.04937181717674535,0.043132442974128105,0.005233033657386976
278,0.278,0.04940372611984968,0.04451952024255512,0.005295341733646652
279,0.279,0.049380712501369606,0.0456524059358665,0.005274303227703281
280,0.28,0.04927359909142692,0.04656321846027289,0.005158816419560397
281,0.281,0.04905682959697294,0.047296916368128494,0.0049450356099878245
282,0.28200000000000003,0.04871178139699431,0.04790273655260835,0.0046376185191638886
283,0.28300000000000003,0.04822917577957557,0.04842608343983246,0.00425025122249012
284,0.28400000000000003,0.04761020372446535,0.04890229532671375,0.003805307437262262
285,0.28500000000000003,0.046866172918023766,0.04935318727551363,0.003332605471686345
286,0.28600000000000003,0.04601673054767744,0.04978666858357117,0.0028673623018210526
287,0.28700000000000003,0.04508697950869177,0.05019919006370166,0.0024475648806293604
288,0.28800000000000003,0.044104018605805595,0.05058036676243727,0.0021110439784087776
289,0.289,0.04309354138738021,0.0509188707434447,0.0018925360543244896
290,0.29,0.04207709437996571,0.05120859138705436,0.0018209758336714676
291,0.291,0.04107043396006198,0.05145409735900375,0.0019172098641851987
292,0.292,0.04008317310348666,0.0516745781310155,0.002192282688177838
293,0.293,0.03911963122269531,0.05190566380370276,0.002646427091669956
294,0.294,0.03818055189078781,0.05219878959368218,0.003268878515484075
295,0.295,0.03726518917885216,0.052618057475164015,0.004038615395528855
296,0.296,0.03637322212485468,0.05323482863212303,0.00492608431949404
297,0.297,0.035506045657299465,0.05412053925951643,0.005895879735159704
298,0.298,0.03466717327801372,0.05533845696874384,0.0069101853746011965
299,0.299,0.03386171283386377,0.05693527607651516,0.007932536466945361
300,0.3,0.03309508153837995,0.05893357538741717,0.00893119218491667
301,0.301,0.032371270619202086,0.061326212044122475,0.009881308928063381
302,0.302,0.0316910400243363,0.06407366879883825,0.010765392869563462
303,0.303,0.031050423762398027,0.0671051691046024,0.011572143871239837
304,0.304,0.03043986835565579,0.07032398496816583,0.012294395151279947
305,0.305,0.029844223581961316,0.07361677090477525,0.012927034117589997
306,0.306,0.029243669249659085,0.07686600645262875,0.0134655673522871
307,0.307,0.02861550890163514,0.07996385192025635,0.013905630910340583
308,0.308,0.027936609921944328,0.08282513804866576,0.014243445848465486
309,0.309,0.02718614362296848,0.08539706762387289,0.014477017153764704
310,0.31,0.026348205242590184,0.087663663612922,0.014607741988139411
311,0.311,0.025413894293362674,0.08964401051953708,0.014642013861829395
312,0.312,0.024382517716317678,0.09138463711835643,0.014592392017040545
313,0.313,0.023261728130301446,0.0929475964758415,0.014477962867621486
314,0.314,0.022066594574366744,0.09439658627038461,0.014323650880045835
315,0.315,0.02081778274595668,0.09578367531859988,0.014158419153293078
316,0.316,0.01953916024630395,0.09713891293358079,0.014012503064127602
317,0.317,0.018255218313592073,0.09846446297911671,0.013914010054841497
318,0.318,0.016988709125722687,0.0997341057320309,0.013885366406717448
319,0.319,0.015758842627654285,0.10089812421591682,0.013940176600008014
320,0.32,0.014580280484578823,0.10189282088095375,0.014081069421377435
321,0.321,0.013463021014555918,0.10265324945745236,0.014299032377716459
322,0.322,0.012413104430936822,0.10312724759890535,0.014574585160501696
323,0.323,0.01143390600818063,0.1032885807521049,0.014880920393986141
324,0.324,0.010527660194434296,0.10314701952651717,0.015188844200644258
325,0.325,0.009696811284464757,0.10275350972360586,0.015472960608121089
326,0.326,0.008944842614362986,0.10219924075524012,0.015718057180475142
327,0.327,0.00827638620105757,0.10160829146387174,0.015924195994554857
328,0.328,0.007696608071739566,0.10112449369289944,0.016108959348168028
329,0.329,0.007210037503479663,0.10089404507007849,0.016305972569053084
330,0.33,0.006819118471345073,0.10104608925308245,0.016559976947330912
331,0.331,0.006522800150747701,0.10167388388492693,0.016919615343963912
332,0.332,0.006315463489167519,0.10281926815732756,0.017429327729879263
333,0.333,0.006186419923813621,0.10446292778939248,0.01812158580580603
334,0.334,0.006120129128727156,0.10652243627221258,0.019010493373091242
335,0.335,0.006097174310805406,0.10885920541087968,0.020087642413737172
336,0.336,0.006095915226286788,0.1112942792262448,0.021320958713602733
337,0.337,0.006094623187290565,0.1136313903451932,0.02265699962994927
338,0.338,0.006073805740851257,0.11568406583093782,0.024026741100178994
339,0.339,0.006018371425231428,0.11730223971511167,0.02535433196660819
340,0.34,0.005919285579611494,0.11839336143813206,0.026567678643409032
341,0.341,0.00577443610091144,0.1189338127148355,0.027609184181890956
342,0.342,0.005588556238834391,0.11896852861227836,0.028444672113065672
343,0.343,0.005372214340304937,0.11859944602294181,0.029068635457175307
344,0.34400000000000003,0.005140040735539822,0.11796583565168328,0.029504538830953497
345,0.34500000000000003,0.0049084845419091055,0.11722094726331744,0.029799889922875522
346,0.34600000000000003,0.004693456783935665,0.1165094792303929,0.03001694886799089
347,0.34700000000000003,0.00450821706986701,0.11594945834728354,0.03022093610469523
348,0.34800000000000003,0.004361807975289192,0.1156207045862343,0.030468146434204813
349,0.34900000000000003,0.004258248079797564,0.1155606184493656,0.030796343785574942
350,0.35000000000000003,0.004196574977224143,0.11576683101302465,0.031219245258328865
351,0.35100000000000003,0.004171696692240545,0.11620538613432974,0.03172598848371588
352,0.352,0.004175879223031753,0.11682257238230842,0.03228544997126337
353,0.353,0.004200589572384145,0.11755825719480906,0.03285436141130704
354,0.354,0.004238350791275852,0.11835857547046325,0.03338751634659276
355,0.355,0.004284266871840775,0.11918607603953446,0.03384806391595041
356,0.356,0.004336945036754636,0.12002590912791011,0.03421597386180042
357,0.357,0.0043986659150769825,0.12088729420092004,0.03449318449840544
358,0.358,0.004474798327639862,0.12180025360160451,0.03470460887039273
359,0.359,0.004572591865400974,0.12280832250046259,0.03489493022833268
360,0.36,0.004699581913163567,0.12395853940156654,0.03512181838124362
361,0.361,0.004861895564889529,0.12529039927600683,0.03544672895937273
362,0.362,0.005062751444878902,0.1268255704888368,0.035924749885385965
363,0.363,0.0053014074183426185,0.1285600365030779,0.03659503107849438
364,0.364,0.005572736836554737,0.13045995442834346,0.03747320903587925
365,0.365,0.005867517231582006,0.13246197284917993,0.038546963413297775
366,0.366,0.006173407004749637,0.134478079979367,0.03977545667537585
367,0.367,0.0064764781948871974,0.1364043344946244,0.04109293555745397
368,0.368,0.006763080481180128,0.13813216577850973,0.04241623355836466
369,0.369,0.007021747748009469,0.13956044627682762,0.04365533654231668
370,0.37,0.007244837910598684,0.14060637048662517,0.04472561823915078
371,0.371,0.007429629240678595,0.1412134116091528,0.045559920036278845
372,0.372,0.007578682655689506,0.14135525171897845,0.0461184728188766
373,0.373,0.007699406156033678,0.1410354462089588,0.046394861134544385
374,0.374,0.007802898656647961,0.14028344709834795,0.046416859386464226
375,0.375,0.007902274114597305,0.13914823329493198,0.04624193945813615
376,0.376,0.008010746711673664,0.13769103893925028,0.045948332119650326
377,0.377,0.008139781268674706,0.13597853505641844,0.04562342303044742
378,0.378,0.0082975827497557,0.13407742001265177,0.04535172695079703
379,0.379,0.008488128143606055,0.13205087090148226,0.045204605215278026
380,0.38,0.008710850720686822,0.1299568418442829,0.04523333830799092
381,0.381,0.008960987071900739,0.1278478540037653,0.045466328392188005
382,0.382,0.009230504423526437,0.12577173750876613,0.04591031776671417
383,0.383,0.009509449052800628,0.12377274738953248,0.04655476858875596
384,0.384,0.009787503284888074,0.12189255041612745,0.04737808514596187
385,0.385,0.010055513930331814,0.12017072511212024,0.048354219456984926
386,0.386,0.010306762716610754,0.11864459199064892,0.049458358811733105
387,0.387,0.010537789941643144,0.11734836084455191,0.05067077121544983
388,0.388,0.01074865236707831,0.11631172194739192,0.05197837304770103
389,0.389,0.010942585904466243,0.11555810392920662,0.053374070823047126
390,0.39,0.01112513875943652,0.11510286821721172,0.05485432510458621
391,0.391,0.011302925128323801,0.11495171148340322,0.056415635951102994
392,0.392,0.011482208801625912,0.11509951207363622,0.058050743196027765
393,0.393,0.01166755083158598,0.11552979510381389,0.05974529138549034
394,0.394,0.011860743271035534,0.11621491526324346,0.06147556598389414
395,0.395,0.012060205582707734,0.11711697647850938,0.06320770480243443
396,0.396,0.01226094949196492,0.11818943155473072,0.06489855981961079
397,0.397,0.012455131597827157,0.11937923890565083,0.06649815339324217
398,0.398,0.012633121427327587,0.12062940226362073,0.0679534567654334
399,0.399,0.012784926955941522,0.12188168651131803,0.06921303448966698
400,0.4,0.012901752408753353,0.12307929107039606,0.07023196594523706
401,0.401,0.012977428071089342,0.12416927265522903,0.07097639686949453
402,0.402,0.013009461054408797,0.12510454063086496,0.0714271084425735
403,0.403,0.012999514744275784,0.1258452972803703,0.07158162429328652
404,0.404,0.012953225720781975,0.12635985622412482,0.07145459128571297
405,0.405,0.012879389275217062,0.12662483755063403,0.07107643056675761
406,0.406,0.012788659522460985,0.12662479989551312,0.07049050963676107
407,0.40700000000000003,0.012691991735849548,0.12635142074106243,0.06974928324810004
408,0.40800000000000003,0.01259908880218702,0.12580237196852329,0.06890995520949272
409,0.40900000000000003,0.012517100191106897,0.12498005647506116,0.06803021333960646
410,0.41000000000000003,0.01244976972146039,0.12389037423242599,0.06716449879319264
411,0.41100000000000003,0.012397150574084609,0.12254167454297549,0.0663611189041553
412,0.41200000000000003,0.01235591518126744,0.1209440274189102,0.06566033689938555
413,0.41300000000000003,0.0123201954217282,0.11910891209720642,0.06509340786334661
414,0.41400000000000003,0.01228280606512068,0.11704937501450763,0.06468240569299055
415,0.41500000000000004,0.012236642740872744,0.11478065342918986,0.06444061664688983
416,0.41600000000000004,0.01217601521518416,0.1123211959377779,0.06437326507693353
417,0.417,0.012097684910463383,0.10969394165942603,0.06447837759735053
418,0.418,0.012001424085861731,0.10692765355390521,0.06474766515526609
419,0.419,0.011889996638373312,0.104058049195358,0.06516738475301875
420,0.42,0.011768562805633931,0.10112844729573567,0.0657192109770337
421,0.421,0.011643612732149491,0.09818966265277473,0.06638118535084336
422,0.422,0.011521617296249564,0.09529894412952544,0.06712881230165779
423,0.423,0.011407634044889231,0.09251786017115982,0.0679363383112852
424,0.424,0.011304114664776627,0.08990918442641571,0.06877819768832327
425,0.425,0.011210129135485955,0.08753299995301633,0.0696305498978167
426,0.426,0.011121157250284966,0.0854423959358035,0.07047278410473456
427,0.427,0.011029510209739926,0.08367924455169229,0.07128883720814383
428,0.428,0.010925344484646105,0.08227058983208346,0.07206816785197023
429,0.429,0.010798129461019573,0.08122613749084173,0.07280625163855248
430,0.43,0.010638344127785734,0.08053720265705322,0.0735045089837294
431,0.431,0.010439122998981504,0.0801772679538102,0.07416964039614682
432,0.432,0.010197563446121022,0.08010406250695079,0.07481241553490126
433,0.433,0.009915454512371746,0.08026284169398878,0.07544603175241127
434,0.434,0.009599286550208128,0.08059037892969922,0.07608421447537528
435,0.435,0.0092595317912125,0.08101911384096283,0.07673926696556677
436,0.436,0.008909318291785276,0.08148094941530226,0.07742028530684641
437,0.437,0.008562723933110958,0.08191033565279793,0.07813173470564316
438,0.438,0.00823297337427678,0.08224647418103515,0.07887253849780151
439,0.439,0.007930822925236988,0.08243467275163785,0.07963576833763164
440,0.44,0.00766337208381053,0.08242702583297512,0.08040895194978648
441,0.441,0.007433459209371052,0.08218267571900362,0.08117494341004283
442,0.442,0.007239698683844081,0.08166792001801182,0.08191323930954186
443,0.443,0.0070771142152875055,0.08085639450289439,0.08260157938663526
444,0.444,0.0069382325114270005,0.07972949798676887,0.08321764639161155
445,0.445,0.00681443592305972,0.0782771561606106,0.08374067819964992
446,0.446,0.006697341185433331,0.07649895302973153,0.08415282439736349
447,0.447,0.006579979045762158,0.07440559163978344,0.08444011760360282
448,0.448,0.006457595512242453,0.07202057435105791,0.08459298430446105
449,0.449,0.006327971950231048,0.06938190988738224,0.08460628803594128
450,0.45,0.006191253933926333,0.06654355644924925,0.08447897397342863
451,0.451,0.006049369145502054,0.06357620322250568,0.08421345837575855
452,0.452,0.005905184514797837,0.060566896711240936,0.08381496351698237
453,0.453,0.0057615892373240885,0.057616970636082954,0.08329102063389326
454,0.454,0.005620688760866521,0.054837790613163295,0.08265133540322034
455,0.455,0.005483259385705791,0.05234403320837233,0.08190812889043908
456,0.456,0.0053485539746125355,0.050244621101883435,0.08107694406868293
457,0.457,0.005214479097835484,0.04863202129155386,0.08017777124760417
458,0.458,0.005078094974179298,0.0475712895228082,0.07923623018469583
459,0.459,0.004936332140177274,0.04709081791192937,0.07828448396006082
460,0.46,0.004786780989354714,0.04717693764609987,0.07736156766225499
461,0.461,0.004628397884685387,0.047774078951718035,0.07651289190627075
462,0.462,0.004461987032863643,0.04879101817702658,0.07578880753459405
463,0.463,0.004290358934276081,0.05011213109122026,0.07524226328242001
464,0.464,0.004118127038812119,0.05161115498711655,0.0749257218349536
465,0.465,0.003951172740093628,0.053164402904377184,0.07488759861732819
466,0.466,0.0037958713184138987,0.05466092041010473,0.07516854116687977
467,0.467,0.0036582153759937563,0.05600838421008314,0.07579787622846168
468,0.468,0.003542989496934379,0.05713493986202456,0.07679052602097747
469,0.46900000000000003,0.003453138117496618,0.05798811674894644,0.07814464683347488
470,0.47000000000000003,0.00338943157722274,0.05853227304076414,0.0798401837317817
471,0.47100000000000003,0.0033504809926520746,0.05874585402894217,0.08183847313097237
472,0.47200000000000003,0.003333091076256081,0.058619341183167695,0.0840829652286299
473,0.47300000000000003,0.0033328817526650234,0.05815432463142056,0.0865010827068945
474,0.47400000000000003,0.003345063931395817,0.057363752497247456,0.08900718020839238
475,0.47500000000000003,0.003365229891249738,0.05627312839831544,0.09150651815261202
476,0.47600000000000003,0.0033900195240125774,0.054922238932852085,0.09390010940884486
477,0.47700000000000004,0.0034175510442124024,0.0533668803750772,0.09609023122197369
478,0.47800000000000004,0.003447553795244973,0.05168000244101989,0.0979863111824828
479,0.47900000000000004,0.0034812007324835637,0.04995168534704075,0.09951079438568255
480,0.48,0.0035206950558381578,0.04828740932820352,0.10060449194060672
481,0.481,0.0035687066329740946,0.04680416802583165,0.10123083028907076
482,0.482,0.0036277720301604033,0.0456241374542522,0.10137841440775519
483,0.483,0.0036997666342267754,0.0448658748220524,0.10106143431024506
484,0.484,0.003785533251806056,0.04463342783316682,0.10031770477986202
485,0.485,0.00388471602204378,0.04500430713868553,0.09920450216671706
486,0.486,0.003995809096514286,0.046017962649900546,0.0977927625037045
487,0.487,0.004116392991450113,0.04766702276922574,0.0961605166711168
488,0.488,0.004243502960133622,0.04989376032320403,0.09438656440891635
489,0.489,0.004374056573587207,0.05259364928072485,0.09254529267477185
490,0.49,0.004505263502914192,0.055626320636834925,0.09070325839090487
491,0.491,0.00463494906009182,0.05883210791261262,0.0889177636865589
492,0.492,0.004761742566945393,0.0620506129110886,0.08723725044387676
493,0.493,0.0048851088630936235,0.06513723837462837,0.0857030124111724
494,0.494,0.00500523179429721,0.0679746587834954,0.0843515199977175
495,0.495,0.005122787010911928,0.07047810415747158,0.08321659651742364
496,0.496,0.005238662308910819,0.07259513569958354,0.08233076950125895
497,0.497,0.005353692432141469,0.07430164075243095,0.08172531974904562
498,0.498,0.005468469363897943,0.07559598459047179,0.08142882195987067
499,0.499,0.005583269647602904,0.07649291411411652,0.08146426476419266
500,0.5,0.005698111687140031,0.07701825653611605,0.08184510739358875
501,0.501,0.005812925259763332,0.07720492321708172,0.08257083802247445
502,0.502,0.005927790049672588,0.07709031258568355,0.08362272349966382
503,0.503,0.0060431854868713275,0.07671492299617533,0.08496047629394743
504,0.504,0.00616019280895827,0.07612182043573401,0.08652051860920995
505,0.505,0.006280600736143477,0.0753565360332803,0.08821640764931715
506,0.506,0.006406884627286058,0.07446697724617002,0.08994180979614574
507,0.507,0.0065420507852640974,0.07350301101878898,0.09157617778500549
508,0.508,0.006689358655423028,0.0725155036552938,0.09299298954718449
509,0.509,0.006851951367167458,0.07155476331575417,0.09407004702546273
510,0.51,0.007032438157256599,0.07066850354257725,0.09470092319681078
511,0.511,0.007232480322850454,0.0698996004807817,0.09480624165187235
512,0.512,0.007452435376838817,0.0692840190179198,0.0943431846643048
513,0.513,0.007691111732534672,0.0688493019659332,0.09331159724488458
514,0.514,0.007945677990312427,0.06861393061691112,0.09175540443283703
515,0.515,0.008211756229063977,0.06858767780486397,0.0897587942309126
516,0.516,0.008483707655743189,0.06877282594207312,0.08743758454469475
517,0.517,0.008755092670352474,0.06916588909824684,0.08492711140663645
518,0.518,0.00901925854840982,0.06975934998239652,0.08236856961765382
519,0.519,0.009269981017893829,0.07054295899449659,0.07989585794721654
520,0.52,0.0095020671440091,0.07150433441549109,0.07762466275524249
521,0.521,0.00971182293550299,0.072628872787881,0.07564492129499878
522,0.522,0.009897305246280519,0.07389922117049741,0.07401713589912085
523,0.523,0.010058314518174016,0.07529469674922884,0.07277241099157239
524,0.524,0.010196136167466209,0.0767910361734766,0.07191562765687876
525,0.525,0.010313090698410396,0.07836073964819512,0.07143086491245865
526,0.526,0.010411990530547519,0.07997409463811844,0.07128800383767608
527,0.527,0.010495614267032105,0.0816007769506445,0.0714493919995629
528,0.528,0.010566295152806104,0.08321177719879613,0.07187549883193367
529,0.529,0.010625686929887773,0.08478131437952785,0.07252867027715193
530,0.53,0.01067472838489604,0.086288384178965,0.07337440537228268
531,0.531,0.010713787740404088,0.08771764243170099,0.07438001837335861
532,0.532,0.010742936253495164,0.08905942918292431,0.07551106690547693
533,0.533,0.010762280285609799,0.09030887581136693,0.07672642757501258
534,0.534,0.010772274132158574,0.0914641846664952,0.07797327362939965
535,0.535,0.010773942309469917,0.0925243071353623,0.07918335850403202
536,0.536,0.010768958606414594,0.09348635532286742,0.08027188531352125
537,0.537,0.010759556862154476,0.09434315275632343,0.08113985416363989
538,0.538,0.01074828013309194,0.0950813530572362,0.08168018310622349
539,0.539,0.010737604908565679,0.09568052725345821,0.08178718312748323
540,0.54,0.010729500376969715,0.0961135363271095,0.08136824642101848
541,0.541,0.010724996511020643,0.09634836309746708,0.0803560206194488
542,0.542,0.010723838338915347,0.09635137869486865,0.07871904603229862
543,0.543,0.0107242982175021,0.0960917767578422,0.07646895675626164
544,0.544,0.010723204492215796,0.09554665429648401,0.07366291897089117
545,0.545,0.010716223688322896,0.0947060043582183,0.07040087812072282
546,0.546,0.010698402443892419,0.09357677861225966,0.06681815806731828
547,0.547,0.010664931879728182,0.0921852369995999,0.06307471975766787
548,0.548,0.010612040885282704,0.09057704892570517,0.0593427614369022
549,0.549,0.010537864862246595,0.08881500809546161,0.05579430449590339
550,0.55,0.010443095570598193,0.0869746743017068,0.05259007048626274
551,0.551,0.010331226966332124,0.08513863735664418,0.04987048152614404
552,0.552,0.010208290385329069,0.08339031029208277,0.047749153059133964
553,0.553,0.010082103795091293,0.08180816005108604,0.04630888193712224
554,0.554,0.009961191663849081,0.08046110003560636,0.045599893994351604
555,0.555,0.009853607429051087,0.07940547121561581,0.04563999423148779
556,0.556,0.009765886095045771,0.07868371065057744,0.04641622950056068
557,0.557,0.009702289033235709,0.07832451782903282,0.04788769044809149
558,0.558,0.00966441571983808,0.07834412353399034,0.04998910860571126
559,0.559,0.009651180348590277,0.07874816004726903,0.052634915437757224
560,0.56,0.009659099309876205,0.07953362243152373,0.05572341097963207
561,0.561,0.009682808177787432,0.08069048270774437,0.05914066061451795
562,0.562,0.009715717575165116,0.08220264959499834,0.0627637566023651
563,0.5630000000000001,0.009750719387387821,0.08404813119364463,0.06646321948240907
564,0.5640000000000001,0.009780863806241838,0.08619843209755307,0.07010461100561383
565,0.5650000000000001,0.009799941419185186,0.08861737807499126,0.07354982954059053
566,0.5660000000000001,0.009802922148411296,0.09125969299543768,0.07665890296889266
567,0.5670000000000001,0.009786223646180633,0.09406974119695621,0.07929319143764535
568,0.5680000000000001,0.009747804535804476,0.0969808852067302,0.081320650473097
569,0.5690000000000001,0.009687100497097027,0.09991588731925871,0.0826232249029667
570,0.5700000000000001,0.009604840746257774,0.1027886984307873,0.0831057264690902
571,0.5710000000000001,0.009502795934303539,0.10550782399070102,0.08270493233428988
572,0.5720000000000001,0.009383513435087448,0.10798123488523803,0.08139733345281575
573,0.5730000000000001,0.009250091022793838,0.11012251331341438,0.07920406499699262
574,0.5740000000000001,0.009106024890690664,0.11185762593613446,0.07619203645337946
575,0.5750000000000001,0.008955144032645766,0.11313146225741999,0.07247099500831478
576,0.5760000000000001,0.008801613362090538,0.1139131473424797,0.06818698532100387
577,0.577,0.008649958922536602,0.11419920725629251,0.0635132132487708
578,0.578,0.008505050169581127,0.11401395803120118,0.058639571019490355
579,0.579,0.00837197747164728,0.1134069547945381,0.05376203784002431
580,0.58,0.00825579244079444,0.11244785888321518,0.04907291586912388
581,0.581,0.00816112639075884,0.11121951488010584,0.04475250962387711
582,0.582,0.008091748654420167,0.10981026823492446,0.04096250602400897
583,0.583,0.008050151974392135,0.1083065628180051,0.037841026445014636
584,0.584,0.00803724866613089,0.10678667599170377,0.03549913034491947
585,0.585,0.008052234857656292,0.10531615908792313,0.034018456163876665
586,0.586,0.008092644135462151,0.10394523913740361,0.033449679233166885
587,0.587,0.008154578279969765,0.10270816435968211,0.0338115320964979
588,0.588,0.008233077837601216,0.10162426954484516,0.03509025086616868
589,0.589,0.00832258043383563,0.10070039981289325,0.037239460317528006
590,0.59,0.008417408781482068,0.09993424976689558,0.04018066472739357
591,0.591,0.008512231528843228,0.09931813411780577,0.043804640483641744
592,0.592,0.008602447022411364,0.09884269409242774,0.047974096284047696
593,0.593,0.008684451682672734,0.09850005751819646,0.05252794501079194
594,0.594,0.008755769949136474,0.09828601309479956,0.057287396369834376
595,0.595,0.008815040253081538,0.09820083980522365,0.062063830997869385
596,0.596,0.008861869447984408,0.09824856058488196,0.06666808668778457
597,0.597,0.008896584588614212,0.09843457168007808,0.07092044430859568
598,0.598,0.008919923998764623,0.09876183493574597,0.07466034332725613
599,0.599,0.008932717610177804,0.09922610038328328,0.0777547841133035
