,Time,VNE atom9 t_q = linear flat,VNE atom9 t_q = 10,VNE atom5 t_q = linear flat,VNE atom5 t_q = 10
0,0.0,2.645052235832751e-09,2.645052235832751e-09,-4.9150775865113017e-08,-4.9150775865113017e-08
1,0.001,1.3818696213349635e-07,1.3818696742266823e-07,-1.0444990849664548e-08,6.395842078177338e-09
2,0.002,1.3532565053611667e-06,1.3532565411381037e-06,1.5677418614828964e-06,1.6376882749705168e-06
3,0.003,6.66099727584038e-06,6.660997460296997e-06,9.361912934907624e-06,1.0373184938815283e-05
4,0.004,2.243168337185547e-05,2.2431683685104897e-05,3.330870421801302e-05,3.724989937558404e-05
5,0.005,5.927965003698493e-05,5.927965014849296e-05,9.004188283284059e-05,0.00010130751041261682
6,0.006,0.00013225446361768423,0.00013225446268291113,0.00020328568218105914,0.00022974479697122213
7,0.007,0.00026020433818641636,0.0002602043346943417,0.0004029911478334869,0.0004567367870533176
8,0.008,0.00046434052218309596,0.00046434051392687387,0.0007232371011174285,0.000820739271090283
9,0.009000000000000001,0.000766172556877949,0.0007661725410997577,0.0011991290887580427,0.0013606123317789764
10,0.01,0.0011850876640466176,0.0011850876377777209,0.0018630917386993767,0.002111098775751781
11,0.011,0.0017359015036106096,0.001735901464218488,0.0027410428492792398,0.0030982986722056585
12,0.012,0.002426709035300293,0.0024267089812607286,0.0038489527896979348,0.004335778577313685
13,0.013000000000000001,0.0032573182138805005,0.0032573181456911106,0.005190233978886802,0.005821852334802176
14,0.014,0.004218467071374521,0.004218466992580932,0.006754286792241177,0.00753839373772747
15,0.015,0.005291921441411325,0.00529192135963635,0.008516372329575386,0.009451323692632851
16,0.016,0.006451442132053713,0.006451442059894806,0.010438814502889346,0.01151269257416498
17,0.017,0.007664511211247712,0.00766451116690851,0.01247337821316388,0.013664085203874424
18,0.018000000000000002,0.008894628457021913,0.008894628464532976,0.014564546594692463,0.015840935695989912
19,0.019,0.010103938054091072,0.010103938142979265,0.016653341018788043,0.017977265434909552
20,0.02,0.011255925175340091,0.011255925379657585,0.018681297609203208,0.020010351423789628
21,0.021,0.012317931279971809,0.012317931636680896,0.020594231092542513,0.02188488619452085
22,0.022,0.013263271895529272,0.013263272442287519,0.022345472902598446,0.02355628955858359
23,0.023,0.014072795312561788,0.014072796085073645,0.02389835395878201,0.02499295827791237
24,0.024,0.014735787717132472,0.01473578874630057,0.025227800287773286,0.026177373311457884
25,0.025,0.015250201985966563,0.015250203295157336,0.02632100881645417,0.027106108707770683
26,0.026000000000000002,0.015622255919829856,0.015622257522564964,0.02717726015289645,0.02778888823105189
27,0.027,0.015865503957634763,0.015865505856075348,0.0278069966018301,0.028246906784297268
28,0.028,0.015999528390626763,0.015999530575098564,0.028230341773337272,0.028510669742142662
29,0.029,0.016048417434478962,0.016048419884236758,0.028475260830411596,0.028617604926346726
30,0.03,0.01603919608788633,0.016039198773243234,0.02857555844359143,0.028609673345868555
31,0.031,0.01600035214095765,0.016000355026746117,0.028568888059767754,0.028531153083352967
32,0.032,0.01596055778410215,0.01596056083442348,0.02849490624364552,0.028426705062326706
33,0.033,0.015947633997253335,0.01594763718134226,0.028393656128069947,0.028339760431955262
34,0.034,0.0159877498919605,0.015987753191053774,0.028304211837151247,0.028311207920298495
35,0.035,0.016104803309233782,0.016104806724229176,0.028263568846387924,0.028378315814432304
36,0.036000000000000004,0.016319902158419528,0.01631990571816228,0.028305730798953876,0.028573804683357285
37,0.037,0.016650864489360685,0.01665086825931226,0.028460926812035717,0.028924996397971366
38,0.038,0.017111679407937473,0.017111683498940333,0.02875489728689667,0.029452999034918707
39,0.039,0.017711914075509018,0.01771191865220853,0.029208209056249504,0.03017193609524861
40,0.04,0.018456102099520803,0.01845610738794296,0.029835596279369134,0.03108827797088233
41,0.041,0.019343191685876584,0.019343197979520287,0.030645362306898533,0.03220036928595583
42,0.042,0.020366156625714192,0.02036616428944583,0.031638909250689316,0.033498257448939486
43,0.043000000000000003,0.021511874018505017,0.021511883489549414,0.0328104777585874,0.0349639126041792
44,0.044,0.022761350659707646,0.022761362445045445,0.03414717560674026,0.036571891673185475
45,0.045,0.024090341275460114,0.024090355945071307,0.03562935156546258,0.03829044867850322
46,0.046,0.025470354616780842,0.025470372792349094,0.037231336093133685,0.040083040767966184
47,0.047,0.026869996171725256,0.026870018510688015,0.038922530218972365,0.041910133597866606
48,0.048,0.028256555838360828,0.028256583013451964,0.04066878572271071,0.04373117741097491
49,0.049,0.02959772022905811,0.02959775290387933,0.0424339890413731,0.04550660948849804
50,0.05,0.030863275108585442,0.0308633139101036,0.044181741735560796,0.047199739998850035
51,0.051000000000000004,0.03202666453240038,0.03202671002157314,0.04587702322986585,0.04877839460904561
52,0.052000000000000005,0.03306628848851288,0.03306634113066311,0.04748772648904161,0.05021621492197485
53,0.053,0.03396644776144252,0.03396650789825607,0.048985972470346764,0.051493552337860266
54,0.054,0.0347178798116312,0.03471794763681253,0.05034913182048544,0.052597927698915636
55,0.055,0.035317868589909554,0.03531794413066669,0.05156050913251921,0.0535240640200215
56,0.056,0.03576995010123421,0.03577003320765412,0.05260967295805403,0.054273529710679655
57,0.057,0.03608327011494449,0.03608336045901821,0.05349244094443957,0.054854053121506485
58,0.058,0.03627167715544839,0.03627177424107265,0.054210551906960135,0.055278585269760136
59,0.059000000000000004,0.03635265012057893,0.03635275330512557,0.05477107412067303,0.05556419629721515
60,0.06,0.03634616402810022,0.03634627255528706,0.055185611121528866,0.05573089312897232
61,0.061,0.0362735893225115,0.03627370236535515,0.05546937287943844,0.05580044160631432
62,0.062,0.03615670123870528,0.03615681795040491,0.05564018169674509,0.055795266695575524
63,0.063,0.03601684876832857,0.036016968338121985,0.055717479054287596,0.055737489850194555
64,0.064,0.03587430192031306,0.03587442363081407,0.05572139233278601,0.05564814403741279
65,0.065,0.03574776608337106,0.035747889365780314,0.0556719093468865,0.05554658562149487
66,0.066,0.03565402829795832,0.0356541527817297,0.055588194539714426,0.055450100200064634
67,0.067,0.035607686221737406,0.03560781177599803,0.05548806440164116,0.055373679283476314
68,0.068,0.03562090897537977,0.035621035740221116,0.05538762255897288,0.05532992941650702
69,0.069,0.03570319008217664,0.03570331848903562,0.055301038866318895,0.05532906773181445
70,0.07,0.03586107409358224,0.03586120487482827,0.05524044388119016,0.05537895970875208
71,0.07100000000000001,0.03609786575682183,0.03609799994535576,0.05521590239215528,0.05548516604427331
72,0.07200000000000001,0.03641335784638775,0.03641349676646546,0.0552354287407346,0.055650983860051934
73,0.073,0.03680363491859937,0.036803780168871036,0.05530501298044468,0.05587748887184819
74,0.074,0.037261020203979256,0.037261173633354794,0.05542863949851313,0.05616360437802634
75,0.075,0.03777422879985419,0.03777439247593491,0.05560829617897593,0.05650623480279455
76,0.076,0.03832877230913499,0.0383289484782116,0.05584398899409646,0.056900502315755254
77,0.077,0.03890763094415346,0.03890782198105363,0.05613379014326958,0.05734011354152228
78,0.078,0.03949217380433474,0.03949238215020261,0.05647395407255733,0.05781786137844429
79,0.079,0.04006327239687746,0.040063500483272146,0.05685913282771186,0.05832623893993709
80,0.08,0.040602522091509156,0.040602772250220236,0.05728271011417787,0.058858114691508784
81,0.081,0.04109346550166088,0.041093739861309875,0.05773725415737056,0.05940739618305531
82,0.082,0.0415227035265725,0.041523003899180254,0.05821506667698263,0.059969599255513574
83,0.083,0.04188078498770825,0.04188111275084255,0.05870878358361174,0.060542242793597156
84,0.084,0.0421627838847541,0.042163139867151055,0.05921196679339799,0.061125005868043536
85,0.085,0.04236850240026824,0.042368886780746635,0.05971961916157892,0.06171961189385657
86,0.08600000000000001,0.042502274954549966,0.04250268718498689,0.060228557572492264,0.06232943892711093
87,0.08700000000000001,0.04257239005829714,0.042572828821340065,0.060737592408919,0.06295889128243513
88,0.088,0.04259018798328978,0.0425906511938611,0.06124748299874874,0.06361260011137426
89,0.089,0.042568928529480896,0.04256941338610569,0.06176066506274304,0.06429454492453195
90,0.09,0.042522549582546795,0.04252305267012066,0.062280773949412865,0.06500720088424126
91,0.091,0.042464449522479665,0.04246496696290917,0.06281201282093074,0.06575081612828727
92,0.092,0.042406422069676486,0.042406949711451876,0.06335843467434067,0.06652290921267542
93,0.093,0.0423578502948806,0.042358383928050164,0.06392321863939193,0.06731805063465113
94,0.094,0.04232522957956639,0.042325765159601944,0.06450802286954715,0.0681279577627759
95,0.095,0.04231204251854243,0.04231257638182772,0.06511248815621822,0.06894189426455914
96,0.096,0.04231895956718227,0.04231948862264923,0.0657339489979613,0.06974732898448846
97,0.097,0.04234429595882302,0.04234481784411736,0.06636738432547462,0.07053078074466804
98,0.098,0.042384625445208844,0.042385138640993233,0.06700561157680288,0.07127875908942041
99,0.099,0.042435439609225675,0.04243594351072098,0.06763969922217189,0.07197870884185657
100,0.1,0.04249174921229857,0.04249224416181899,0.06825954823156682,0.07261987808482458
101,0.101,0.042548548962098164,0.04254903624922145,0.06885457596163277,0.07319405171424834
102,0.10200000000000001,0.04260110390226961,0.04260158573904944,0.06941442897453223,0.0736961207693987
103,0.10300000000000001,0.042645057159079375,0.04264553663609029,0.06992965519656037,0.07412448494902425
104,0.10400000000000001,0.04267639734136901,0.04267687836725005,0.07039227949102453,0.07448130598614525
105,0.105,0.04269135257917479,0.04269183980198017,0.07079624729574507,0.07477263849694715
106,0.106,0.042686291987116515,0.04268679069170038,0.07113772431091409,0.07500846098728688
107,0.107,0.04265771191553729,0.04265822788803411,0.07141526167433043,0.07520261467989862
108,0.108,0.042602364431373635,0.042602903780733864,0.07162985144163941,0.0753726365633435
109,0.109,0.042517552724240196,0.04251812165209441,0.07178490369022555,0.07553945241434327
110,0.11,0.04240157853759973,0.042402183051957684,0.07188617341886934,0.07572688276021247
111,0.111,0.042254287488477954,0.04225493306331064,0.07194165412362094,0.07596091568141798
112,0.112,0.0420776264153044,0.042078317606682264,0.07196143896514567,0.07626871790686518
113,0.113,0.04187610856401692,0.04187684860295012,0.07195753445318956,0.07667738881442819
114,0.114,0.041657081189757736,0.04165787158117343,0.07194360028259175,0.07721250567114869
115,0.115,0.041430707064290195,0.04143154722922628,0.07193458600988892,0.07789655444584519
116,0.116,0.04120960476893236,0.04121049177153405,0.07194624233017467,0.07874737891048635
117,0.117,0.041008138367110626,0.04100906676807958,0.07199450106028607,0.07977680223897596
118,0.11800000000000001,0.04084139887565623,0.04084236074803768,0.0720947405469545,0.08098957358591952
119,0.11900000000000001,0.04072397019891481,0.04072495533020967,0.07226097748835145,0.08238276561905239
120,0.12,0.040668612522166914,0.040669608809058025,0.07250504691606224,0.0839457015317016
121,0.121,0.0406850188186607,0.0406860128389845,0.07283584476476945,0.08566043007218506
122,0.122,0.04077879950622923,0.040779777230472825,0.07325870910855635,0.08750270538921938
123,0.123,0.040950824635355786,0.040951772221026445,0.07377500606019015,0.08944337549231951
124,0.124,0.04119700553883116,0.04119791013934904,0.07438196614474887,0.09145004671927283
125,0.125,0.04150853679330733,0.0415093873116613,0.0750727901809411,0.09348887575425403
126,0.126,0.041872556099487146,0.041873343826033436,0.07583701485351069,0.09552634545384606
127,0.127,0.04227312619770262,0.04227384528951861,0.07666110175406575,0.09753090283400294
128,0.128,0.042692408525445376,0.042693056307829304,0.07752919334277061,0.09947437178322484
129,0.129,0.0431118876106454,0.04311246470517143,0.0784239672733059,0.10133309307410801
130,0.13,0.0435135175412629,0.043514027845169855,0.0793275175436181,0.1030887834937575
131,0.131,0.0438806922841093,0.04388114283958017,0.0802221963848316,0.10472913830740363
132,0.132,0.04419898258707192,0.04419938338427561,0.08109136311451054,0.1062482218472785
133,0.133,0.04445662541742033,0.04445698917192371,0.08192000317472306,0.10764669665886356
134,0.134,0.04464478989162632,0.04464513182553763,0.08269519971910647,0.1089319317084112
135,0.135,0.044757670772337194,0.04475800841128926,0.0834064587415715,0.11011800692397322
136,0.136,0.044792473537276216,0.044792826514673326,0.0840459042792692,0.11122559992574475
137,0.137,0.04474935301050378,0.04474974284960888,0.08460837048296721,0.11228170855668218
138,0.138,0.044631352292956124,0.04463180211988028,0.08509142087927563,0.11331913817081193
139,0.139,0.044444364026013324,0.044444898155948466,0.08549532159218325,0.11437567348095386
140,0.14,0.04419710711307797,0.044197750451246194,0.08582298560055766,0.11549286679216485
141,0.14100000000000001,0.04390108478243504,0.04390186199240685,0.08607989152964719,0.11671440957764015
142,0.14200000000000002,0.043570469884862476,0.043571404300788555,0.08627396621246274,0.11808410972232314
143,0.14300000000000002,0.04322185501017127,0.04322296730547232,0.08641540886545787,0.11964356447177685
144,0.14400000000000002,0.04287381095194815,0.04287511762197679,0.08651642933351132,0.12142968709352532
145,0.145,0.04254621750861507,0.04254772927383363,0.08659087543968481,0.12347229924194056
146,0.146,0.04225936333340033,0.04226108361504798,0.08665373530016443,0.1257920276962748
147,0.147,0.042032851859059125,0.04203477551229609,0.08672051795550295,0.1283987346223221
148,0.148,0.04188439152105784,0.041886504021451776,0.08680653664980165,0.13129066319778684
149,0.149,0.041828582676626896,0.0418308599370521,0.08692613942468932,0.13445440213795448
150,0.15,0.04187583299571716,0.04187824193919687,0.08709194716855279,0.13786567719519013
151,0.151,0.042031531841003694,0.04203403177439702,0.08731416650162166,0.14149088244947988
152,0.152,0.04229559019429134,0.04229813492984255,0.08760004210744118,0.1452891856260214
153,0.153,0.04266240895034239,0.0426649495242767,0.08795350055367325,0.14921499156172885
154,0.154,0.043121282643056244,0.043123770401782134,0.08837501740957857,0.1532205314208596
155,0.155,0.04365718870399328,0.043659578484917416,0.08886171509167218,0.15725836084276557
156,0.156,0.04425186515475288,0.04425411828782496,0.08940767445239606,0.16128359133433573
157,0.157,0.044885050444484785,0.04488713734163265,0.09000442244082821,0.16525573642850713
158,0.158,0.04553575165909595,0.04553765383265111,0.09064154392281655,0.16914011708104054
159,0.159,0.04618342046271673,0.04618513190741998,0.09130735921875645,0.17290882982415684
160,0.16,0.046808945087121634,0.04681047305815152,0.09198960992870812,0.1765413284322317
161,0.161,0.04739540463896247,0.047396769946592004,0.0926761028688044,0.18002469978671387
162,0.162,0.047928571736623016,0.04792980874451998,0.09335527348878613,0.18335372458249438
163,0.163,0.04839718463800176,0.048398341188124736,0.09401664383558722,0.18653080383916373
164,0.164,0.04879303577667975,0.048794173264192206,0.09465116398798298,0.18956580615445132
165,0.165,0.049110937144022815,0.04911213092954131,0.09525143828435839,0.19247585408464035
166,0.166,0.04934862347472815,0.04934996375247068,0.09581184740628734,0.1952850285346088
167,0.167,0.049506642947604554,0.04950823609475302,0.09632858372154904,0.19802393581746053
168,0.168,0.049588265058972805,0.04959023538609178,0.09679961993938938,0.20072906068756474
169,0.169,0.049599410671079244,0.049601902390751275,0.09722463025418276,0.20344182581300468
170,0.17,0.049548584803876694,0.049551763950730944,0.09760487937259446,0.20620729646292227
171,0.171,0.049446773232355266,0.049450829216872584,0.09794308916489335,0.20907250755668944
172,0.17200000000000001,0.04930725325066654,0.049312399722873664,0.09824328647556117,0.21208444370517518
173,0.17300000000000001,0.04914526952349789,0.049151744266452066,0.09851063028344176,0.21528776314606585
174,0.17400000000000002,0.048977538398047776,0.04898560206354315,0.09875121316175832,0.21872241300755807
175,0.17500000000000002,0.04882156704584163,0.04883150067689433,0.09897183166776677,0.22242132517009444
176,0.176,0.048694804088272356,0.04870690552691678,0.09917972308009676,0.2264083998913747
177,0.177,0.04861367110657018,0.04862825053711998,0.09938227128818161,0.23069697288137364
178,0.178,0.04859255385287456,0.04860992885121467,0.09958669149525357,0.2352889205247495
179,0.179,0.048642852192575345,0.04866334271344702,0.09979971020699298,0.24017449298615257
180,0.18,0.04877219399464734,0.04879611771090399,0.10002726216343985,0.2453328862378146
181,0.181,0.04898390774445874,0.0490115760491784,0.10027422814176537,0.25073348441291643
182,0.182,0.04927682210252109,0.04930853691030118,0.10054423619759671,0.25633763594160586
183,0.183,0.04964542185492811,0.04968147312599022,0.10083954394090147,0.26210078060373804
184,0.184,0.0500803452831758,0.050121008990021323,0.10116101159533947,0.2679747254892041
185,0.185,0.050569165746574024,0.05061470185768674,0.10150816614664303,0.27390987652928933
186,0.186,0.05109736744214759,0.05114801745121067,0.10187934738005652,0.2798572649752105
187,0.187,0.05164940690949629,0.0517053905134643,0.10227191850340113,0.2857702579653412
188,0.188,0.052209749833084323,0.052271260556309214,0.10268251846703355,0.29160590041100665
189,0.189,0.05276378594169382,0.05283098579208295,0.10310733062137067,0.2973258927865246
190,0.19,0.053298549807381954,0.053371563393004404,0.10354234303510262,0.302897257838393
191,0.191,0.053803207222703306,0.05388211610283908,0.10398357919652475,0.3082927823096305
192,0.192,0.054269300331844905,0.054354138672183264,0.1044272831862123,0.313491333503885
193,0.193,0.054690774986666364,0.05478152778698293,0.10487004986331738,0.3184781436845419
194,0.194,0.05506383705693746,0.05516044228479936,0.10530889730164278,0.32324512961756774
195,0.195,0.05538669813572243,0.05548905401241287,0.10574128493141857,0.32779127442871975
196,0.196,0.05565927423314946,0.05576725267798886,0.10616508604979792,0.3321230509431828
197,0.197,0.055882894149150306,0.05599636101673491,0.10657852718869573,0.3362548177618539
198,0.198,0.05606005914844096,0.05617890142846899,0.10698010904599312,0.34020907979257786
199,0.199,0.056194275308303385,0.05631843495039843,0.10736852418715251,0.3440164812996743
200,0.2,0.05628995809423734,0.05641947162510467,0.10774258551608172,0.3477153973958189
201,0.201,0.05635238905792205,0.05648743172467373,0.10810117673584561,0.35135101212531306
202,0.202,0.056387690291827657,0.056528623130097586,0.1084432319705248,0.35497381728920574
203,0.203,0.056402775696941604,0.056550193704061155,0.1087677468696554,0.3586375316252087
204,0.20400000000000001,0.05640524020808689,0.05656001970027309,0.10907381848936548,0.3623965169962212
205,0.20500000000000002,0.05640315843170443,0.05656650166330382,0.10936070674895243,0.3663028461191744
206,0.20600000000000002,0.05640478089894169,0.05657825609378936,0.1096279069868602,0.3704032427976287
207,0.20700000000000002,0.05641813647348809,0.05660371153086695,0.1098752216238868,0.37473615867366633
208,0.20800000000000002,0.05645056989499553,0.05665063815370097,0.11010281944938777,0.3793292608437054
209,0.209,0.0565082603965241,0.056725656945066996,0.11031127349247372,0.38419757769839036
210,0.21,0.05659577769126774,0.05683378478415785,0.1105015723744269,0.3893424877085452
211,0.211,0.056715733275009214,0.05697807345142608,0.11067510471631864,0.39475164578838895
212,0.212,0.05686857726111109,0.05715939277566168,0.11083362069384878,0.4003998378692154
213,0.213,0.05705257479578296,0.057376391990433775,0.11097917831070143,0.4062506527806413
214,0.214,0.05726397393522213,0.05762565125483899,0.11111408372877267,0.41225877741302697
215,0.215,0.057497352222206116,0.057902010765383795,0.11124083472514334,0.4183726688302082
216,0.216,0.057746106013617925,0.05819904188725017,0.11136207413519994,0.42453734214139227
217,0.217,0.05800302849964942,0.05850960687756553,0.11148055647903517,0.43069703546618837
218,0.218,0.05826091197851094,0.0588264437012969,0.11159912663140925,0.43679756695453553
219,0.219,0.0585131086056507,0.05914271141537674,0.11172070528418633,0.44278827256873604
220,0.22,0.05875399135637756,0.05945243940279136,0.11184827290158082,0.44862349363925547
221,0.221,0.058979271853985674,0.05975083884679659,0.11198484249749634,0.4542636562393866
222,0.222,0.05918615159347454,0.06003445476059162,0.11213341215789742,0.4596760382243282
223,0.223,0.05937330497887997,0.06030115862700879,0.1122968907187887,0.46483534600336646
224,0.224,0.05954071344457693,0.06055000218486231,0.11247799400003514,0.469724218225994
225,0.225,0.05968938700478067,0.06078096938471526,0.11267911386337304,0.47433373935664874
226,0.226,0.05982102075526904,0.06099467395315541,0.11290216736764731,0.4786639894624593
227,0.227,0.05993763789311139,0.06119205318454139,0.11314843769095759,0.4827245883973743
228,0.228,0.06004126749723369,0.06137410439960641,0.11341842162991678,0.4865351263130602
229,0.229,0.06013369544003154,0.06154169989828527,0.11371169989529155,0.49012532178245316
230,0.23,0.06021631212014474,0.06169550102806613,0.11402684585074235,0.49353472563188144
231,0.231,0.06029006363064325,0.06183597465936108,0.11436138579125713,0.4968118007783805
232,0.232,0.06035549621407014,0.06196349862169526,0.114711819593973,0.5000122584140805
233,0.233,0.06041286998225108,0.06207852904003432,0.1150737050983286,0.5031966148542107
234,0.234,0.0604623089272114,0.0621817939688399,0.11544180356890561,0.5064270409567022
235,0.23500000000000001,0.060503951396237786,0.06227447533085371,0.11581027784210589,0.5097636914840602
236,0.23600000000000002,0.0605380686059162,0.062358344999603764,0.11617293001396022,0.5132608059587997
237,0.23700000000000002,0.06056512757608239,0.06243583001550348,0.11652346240255627,0.5169629459139569
238,0.23800000000000002,0.06058578738755241,0.06250999469799087,0.11685574436981616,0.5209017596855988
239,0.23900000000000002,0.06060083167428032,0.06258444160921334,0.11716406844552084,0.525093635699344
240,0.24,0.060611053337296265,0.06266314658357502,0.11744338176303845,0.5295385189188968
241,0.241,0.06061711739719411,0.06275025321485624,0.11768948252427351,0.5342200336940419
242,0.242,0.060619433010576235,0.06284985767712974,0.11789917534409144,0.5391068997162716
243,0.243,0.06061806509591554,0.06296581472151452,0.11807038316451487,0.5441554715673946
244,0.244,0.060612709826498676,0.06310159023561485,0.11820221640492015,0.5493131020604232
245,0.245,0.060602747471492704,0.06326017589154566,0.11829500180830592,0.5545219459058819
246,0.246,0.0605873724938097,0.06344406891596208,0.11835027403614352,0.5597227950329134
247,0.247,0.0605657867135338,0.06365530713248721,0.1183707327097607,0.5648585713754628
248,0.248,0.06053742908097169,0.0638955384768997,0.11836016673576412,0.5698771881766378
249,0.249,0.060502207238376536,0.06416609717225727,0.11832334689353512,0.574733610086422
250,0.25,0.06046069301799376,0.06446805700809495,0.11826588725184341,0.5793910742448414
251,0.251,0.060414246911425086,0.0648022361260712,0.11819407631055928,0.5838215570687939
252,0.252,0.06036504501398663,0.06516913682600092,0.11811467991730017,0.5880056651938224
253,0.253,0.06031599480442637,0.06556881673216557,0.11803471986845558,0.5919321801266477
254,0.254,0.060270541503666696,0.06600070210298614,0.11796123439142846,0.5955974883805676
255,0.255,0.060232382409329314,0.06646336771245728,0.11790102905174932,0.5990050844143661
256,0.256,0.06020512019791632,0.06695431824144878,0.11786042864893602,0.6021652529097163
257,0.257,0.06019189566346314,0.06746981162090951,0.11784504201537144,0.6050949365742253
258,0.258,0.06019504424234772,0.06800476418681446,0.11785955205328369,0.6078176961560099
259,0.259,0.060215818308866666,0.06855277074055827,0.11790754268445011,0.6103635912295275
260,0.26,0.06025420892672867,0.06910626056496058,0.11799137261433632,0.6127687705673157
261,0.261,0.06030888775884867,0.06965679487552759,0.11811210302326317,0.615074569893389
262,0.262,0.060377274175151284,0.07019549436682593,0.1182694827175653,0.6173259741093033
263,0.263,0.06045571667692949,0.07071356984749919,0.11846199024866354,0.6195694028303933
264,0.264,0.06053976399645997,0.07120291656493673,0.11868692847499446,0.6218499058151905
265,0.265,0.06062449163127315,0.07165672521412501,0.1189405634777966,0.6242079859626886
266,0.266,0.060704845382724124,0.07207006051908074,0.11921829709014012,0.6266763768282223
267,0.267,0.06077596500809289,0.07244036155057576,0.1195148608864588,0.629277165947414
268,0.268,0.06083345775481544,0.07276782575210664,0.1198245194472777,0.6320196582566653
269,0.269,0.06087360194158805,0.07305564961215733,0.12014127197606164,0.6348993097236556
270,0.27,0.060893473000277705,0.07331011139586584,0.12045904360338125,0.6378979366825779
271,0.271,0.06089099643635048,0.07354049367323649,0.12077186051612508,0.6409852400056029
272,0.272,0.060864942099443056,0.07375885411675707,0.1210740058893873,0.6441215024954776
273,0.273,0.06081488051324707,0.07397966116047201,0.12136015602323277,0.6472611534300159
274,0.274,0.06074112397187632,0.07421931611328715,0.1216254977878772,0.6503567739366533
275,0.275,0.0606446725934419,0.0744955852669528,0.12186582934230984,0.6533630606550893
276,0.276,0.060527179195945,0.07482696502161602,0.12207764618019147,0.6562402813511037
277,0.277,0.060390938009535954,0.07523200105124235,0.12225821406790803,0.6589568408367659
278,0.278,0.060238892550953105,0.0757285802227897,0.12240562961358464,0.6614907138514297
279,0.279,0.06007464927319882,0.07633321248914093,0.12251886825089958,0.6638296706753557
280,0.28,0.0599024775068229,0.07706032011425085,0.12259781846772774,0.6659703943975739
281,0.281,0.05972727393041528,0.07792155367023472,0.12264330020799244,0.6679167393055279
282,0.28200000000000003,0.05955447191264597,0.07892515796921282,0.12265706454114186,0.6696774852354742
283,0.28300000000000003,0.05938988239264255,0.08007541557769715,0.12264177097159168,0.6712639877367905
284,0.28400000000000003,0.059239462631920065,0.08137219952323221,0.1226009382789047,0.6726881031226523
285,0.28500000000000003,0.059109020714759306,0.08281066883681726,0.12253886476694348,0.6739606862014842
286,0.28600000000000003,0.059003875259593455,0.08438113948162106,0.1224605145453074,0.6750908320269773
287,0.28700000000000003,0.05892849950723151,0.08606915829222851,0.12237136822515547,0.6760858842050819
288,0.28800000000000003,0.05888618507073063,0.08785579874553524,0.12227723928889946,0.6769520875229009
289,0.289,0.058878761980465835,0.08971818533962864,0.12218406123835295,0.6776956470800314
290,0.29,0.05890640779485527,0.09163023925216583,0.12209765498351746,0.6783238891443963
291,0.291,0.05896756988465322,0.09356362327900994,0.12202349008208027,0.6788462109683848
292,0.292,0.05905901275984269,0.09548885035397882,0.12196645651582787,0.6792745574703334
293,0.293,0.05917598832512459,0.09737650855887485,0.1219306648853157,0.6796232614371889
294,0.294,0.059312513337080465,0.09919854741408647,0.12191929167103288,0.6799082120605429
295,0.295,0.05946172710586942,0.10092956590043033,0.12193448242955048,0.6801454508031362
296,0.296,0.05961629519235458,0.10254804214588309,0.12197731984860202,0.6803494097654563
297,0.297,0.05976882234539518,0.10403744765756712,0.12204785631115168,0.680531085237362
298,0.298,0.05991224024312666,0.10538719473359631,0.12214520314336227,0.6806964642282634
299,0.299,0.06004014203108031,0.10659337342590519,0.12226766223814385,0.680845490011138
300,0.3,0.06014704489976835,0.10765924328715268,0.1224128812756185,0.6809717697525777
301,0.301,0.06022857240565463,0.10859545436571041,0.12257801197095086,0.6810631079351752
302,0.302,0.06028155826154614,0.10941998097031826,0.12275985189186359,0.6811028147358427
303,0.303,0.06030408146691925,0.11015776036650096,0.12295495419715732,0.6810716124902773
304,0.304,0.06029544788949637,0.11084003688280704,0.12315969560867132,0.6809498675991088
305,0.305,0.06025613525719865,0.11150342030221135,0.12337030028406101,0.6807198256332656
306,0.306,0.06018771706216526,0.11218867651148759,0.12358282514407606,0.6803675314485138
307,0.307,0.060092776736449936,0.11293927882656002,0.12379311973290852,0.6798841719379841
308,0.308,0.05997481766484411,0.11379976062577382,0.12399677995872564,0.6792666761745325
309,0.309,0.05983816841943229,0.11481392381064659,0.12418911919573408,0.6785175292106322
310,0.31,0.05968787732025551,0.11602297232269743,0.12436518140719566,0.6776438813286008
311,0.311,0.05952958714293622,0.11746365377249723,0.12451981850348876,0.6766561435209635
312,0.312,0.05936938023226346,0.11916650278852643,0.1246478477275646,0.675566334913276
313,0.313,0.05921358667231122,0.12115428433401637,0.12474429461350746,0.6743864769338106
314,0.314,0.059068553203102614,0.123440731771452,0.1248047138113899,0.6731273080917051
315,0.315,0.058940377460314136,0.12602966182442593,0.12482556535811848,0.6717975263635052
316,0.316,0.05883461967420718,0.128914527365797,0.12480460996649965,0.6704036652121484
317,0.317,0.05875601083804391,0.13207844137259872,0.1247412761069144,0.6689505917047518
318,0.318,0.058708181229112345,0.13549467483751987,0.12463694647076236,0.6674425012972405
319,0.319,0.05869343499809319,0.13912760169047803,0.12449511362955096,0.6658841930307667
320,0.32,0.05871259477024426,0.1429340381531454,0.12432136506907515,0.6642823563678526
321,0.321,0.05876493485806617,0.14686490461602725,0.12412317564431684,0.6626465951937162
322,0.322,0.05884821341722745,0.15086712596725305,0.12390950880193147,0.6609899561284702
323,0.323,0.05895880384670587,0.154885681025347,0.1236902533917293,0.6593288098675285
324,0.324,0.05909191541145359,0.15886571225663781,0.1234755465803385,0.6576820419260436
325,0.325,0.059241883967681465,0.16275461184609477,0.12327505132650389,0.6560696248923592
326,0.326,0.05940250708858884,0.1665040079664622,0.12309726585872001,0.6545107488448061
327,0.327,0.05956739467219925,0.17007158446723464,0.12294894078676394,0.6530217625701804
328,0.328,0.05973030654904078,0.17342267716986087,0.12283466684950133,0.6516142130003808
329,0.329,0.05988545240561442,0.176531599785481,0.1227566746641353,0.6502932581956626
330,0.33,0.060027735723767864,0.17938266171150113,0.12271486051494289,0.6490566727311065
331,0.331,0.060152931303713464,0.18197084840306169,0.12270702338780362,0.647894573863457
332,0.332,0.060257794059546815,0.1843021426733787,0.12272927238812445,0.6467898888630348
333,0.333,0.06034010398948069,0.18639347239167942,0.12277654399018594,0.6457194779275992
334,0.334,0.06039865760537191,0.18827227706506378,0.12284315770179474,0.6446557419405725
335,0.335,0.060433219091713,0.18997569333176706,0.12292333774421355,0.643568494343943
336,0.336,0.06044444490505098,0.1915493681851459,0.12301163696078551,0.642426868710912
337,0.337,0.06043379368554622,0.19304591950556899,0.1231032159857623,0.6412010669243718
338,0.338,0.06040342984626361,0.19452307673458258,0.12319395350619895,0.6398638179468168
339,0.339,0.06035612487944078,0.1960415504188074,0.12328038943059239,0.6383914988651529
340,0.34,0.06029515620589402,0.1976626973989182,0.12335952874787136,0.6367649503014304
341,0.341,0.060224200156761325,0.19944606735034132,0.12342855643769271,0.6349700802701381
342,0.342,0.06014721406598756,0.20144693409721576,0.12348452967863492,0.632998381099092
343,0.343,0.06006830279721858,0.20371392886190692,0.12352411998595227,0.6308474766630411
344,0.34400000000000003,0.05999156728746845,0.2062868993860073,0.12354347299594257,0.6285217732877395
345,0.34500000000000003,0.05992093645406689,0.20919511607218416,0.12353823713851343,0.6260332162718552
346,0.34600000000000003,0.05985998837768794,0.21245593246549893,0.1235037860398435,0.6234020700483583
347,0.34700000000000003,0.05981177116287893,0.21607398270959374,0.12343562673401398,0.6206575618279676
348,0.34800000000000003,0.05977863738389803,0.22004096515007346,0.1233299517080364,0.6178381742967334
349,0.34900000000000003,0.059762107779220065,0.22433602268884673,0.12318426322225492,0.6149913572623311
350,0.35000000000000003,0.059762779369753986,0.22892669137757138,0.12299797862230681,0.6121724594310542
351,0.35100000000000003,0.05978029032383302,0.2337703535737937,0.12277291942306656,0.6094427599506892
352,0.352,0.05981334896027137,0.23881610433101647,0.12251359646249328,0.6068665963853908
353,0.353,0.05985982791559072,0.2440069216154503,0.12222722741040458,0.6045077247701146
354,0.354,0.0599169176038955,0.24928202286664092,0.12192345788068906,0.6024251857958729
355,0.355,0.05998132666675314,0.25457929139080565,0.12161379794448006,0.600669064002624
356,0.356,0.060049512073271846,0.25983766422855126,0.12131082563167636,0.5992765910465836
357,0.357,0.06011791858842182,0.26499938622333574,0.12102724183744015,0.5982690433172979
358,0.358,0.06018320684890793,0.2700120508386292,0.12077488190849708,0.5976498129030977
359,0.359,0.0602424512618269,0.2748303649796477,0.12056379507176336,0.5974038967886792
360,0.36,0.06029329300670708,0.2794175912995849,0.12040149324680437,0.5974988725251986
361,0.361,0.0603340389324256,0.28374663634134034,0.12029244757835116,0.5978872388344671
362,0.362,0.060363703288055015,0.28780076596546006,0.1202378781795894,0.5985098291840981
363,0.363,0.06038199516680301,0.29157394079368415,0.12023584526751,0.5992998840311157
364,0.364,0.060389259521524984,0.29507077408184346,0.12028161355609314,0.6001873122905627
365,0.365,0.060386383067712726,0.29830612294000586,0.12036823129301095,0.6011026907545981
366,0.366,0.06037467802653635,0.3013043316531883,0.12048724424697235,0.6019806344727929
367,0.367,0.06035575646498165,0.3040981535430394,0.12062945524525795,0.602762303431541
368,0.368,0.06033140622259195,0.3067273857851179,0.12078564189283714,0.6033969664532319
369,0.369,0.06030347654925976,0.30923726011509944,0.1209471578553735,0.6038426953442922
370,0.37,0.06027377821763795,0.31167664141276097,0.12110636444316614,0.604066386719451
371,0.371,0.060243999641669134,0.314096095408118,0.12125686626050787,0.6040433873937296
372,0.372,0.06021563797300774,0.3165458955200323,0.12139355388441647,0.6037570218607355
373,0.373,0.06018994263392129,0.31907404610872314,0.12151248409404866,0.6031982865613834
374,0.374,0.0601678684288007,0.3217244039891412,0.12161065030004839,0.6023658937113139
375,0.375,0.06015003616577845,0.3245349806780697,0.12168570922828444,0.6012667330016918
376,0.376,0.06013670031079262,0.3275365035101237,0.12173573235125859,0.5999166927385593
377,0.377,0.0601277251353175,0.33075130388524554,0.12175904137403146,0.598341664516538
378,0.378,0.060122572591694345,0.33419258557915216,0.12175416753409378,0.5965784669524643
379,0.379,0.06012030628200737,0.33786410607494416,0.1217199477425339,0.5946753791853744
380,0.38,0.06011961603160642,0.3417602807676269,0.12165574132584342,0.5926919819544598
381,0.381,0.06011886658608823,0.3458666956635462,0.12156172462183751,0.5906980637316088
382,0.382,0.06011617189402935,0.3501609910576689,0.12143920185732249,0.5887714548244671
383,0.383,0.06010949360258123,0.3546140587023934,0.12129086313155472,0.5869947902627186
384,0.384,0.060096759224829085,0.3591914798242791,0.12112092540364049,0.5854513542646052
385,0.385,0.06007599246306808,0.3638551220009559,0.1209351092345189,0.5842203037234843
386,0.386,0.06004544590245593,0.3685648096661615,0.12074042963410364,0.5833716835033362
387,0.387,0.06000372513208984,0.37327998549261043,0.12054480918518024,0.582961712981138
388,0.388,0.059949893536804584,0.3779612872232936,0.12035655052297436,0.5830288277261211
389,0.389,0.059883548549723525,0.38257197547963223,0.12018372844251224,0.5835908979390864
390,0.39,0.05980486286333448,0.38707916135014,0.12003357573428046,0.5846439226230102
391,0.391,0.05971458758471134,0.3914547968902194,0.119911939359465,0.5861623324371373
392,0.392,0.05961401809026795,0.3956764059504314,0.1198228747222034,0.5881008498649691
393,0.393,0.059504926853441636,0.39972754614924133,0.11976842729797291,0.5903976810921336
394,0.394,0.05938947030359653,0.4035980047358281,0.11974862579669353,0.5929786759297582
395,0.395,0.05927007847303854,0.4072837412232526,0.11976168318087124,0.5957620090320794
396,0.396,0.05914933663421937,0.41078659790413496,0.11980437513165532,0.598662916033502
397,0.397,0.059029867362795516,0.41411380574939777,0.11987254341981718,0.6015980597637094
398,0.398,0.05891421972599227,0.4172773179046262,0.11996165672565379,0.6044891930496116
399,0.399,0.05880476998567604,0.4202930062595067,0.12006735537208617,0.607265908535424
400,0.4,0.05870363579902352,0.4231797585961934,0.12018590974164511,0.6098674027718789
401,0.401,0.058612603867797805,0.4259585148038418,0.12031453438686113,0.612243312477859
402,0.402,0.05853306970588405,0.4286512806933731,0.12045151963333486,0.6143537891473236
403,0.403,0.058465987872803465,0.43128015709493794,0.12059616758983527,0.6161690521133869
404,0.404,0.05841183165816599,0.43386642013799515,0.1207485469595507,0.6176686928652444
405,0.405,0.05837056258629361,0.4364296858227804,0.120909107390864,0.6188409932070211
406,0.406,0.05834161185492964,0.43898718810933746,0.12107821560680176,0.6196824702662469
407,0.40700000000000003,0.05832387743983068,0.4415531947310277,0.12125568878631776,0.6201977805385749
408,0.40800000000000003,0.05831574159539399,0.4441385788197938,0.12144040309609576,0.6204000149031588
409,0.40900000000000003,0.0583151134634755,0.44675055735926494,0.12163004581545968,0.6203113110094983
410,0.41000000000000003,0.058319500253393136,0.44939259973434076,0.12182105896070371,0.6199636135038535
411,0.41100000000000003,0.05832610799943385,0.4520645016159891,0.12200879345235408,0.6193993401394279
412,0.41200000000000003,0.058331969510649694,0.4547626115882052,0.12218786004619273,0.6186716742324763
413,0.41300000000000003,0.058334093289542914,0.4574801908096341,0.12235263172801777,0.6178442086074751
414,0.41400000000000003,0.05832962353653319,0.46020788010356856,0.12249782725850711,0.616989715640355
415,0.41500000000000004,0.05831599853322096,0.462934244604741,0.1226190912364308,0.6161879092659067
416,0.41600000000000004,0.0582910932832925,0.4656463637469822,0.12271348484554132,0.6155221891285703
417,0.417,0.05825333267054318,0.46833043407608316,0.12277981362661188,0.6150755002045036
418,0.418,0.05820176368972344,0.47097235406499516,0.12281874229956385,0.614925584431502
419,0.419,0.058136079338484366,0.47355826357650144,0.1228326782225246,0.6151400226724897
420,0.42,0.05805659206113925,0.47607501550728093,0.12282543974773326,0.6157715444329941
421,0.421,0.05796416051167739,0.4785105630087726,0.12280175834222368,0.6168541018721438
422,0.422,0.05786007902721722,0.48085425202106136,0.12276668903005691,0.6184001545199144
423,0.423,0.05774594373718121,0.48309701518799125,0.12272501859922744,0.6203994936483399
424,0.424,0.05762351196396906,0.4852314691055159,0.12268076270459723,0.6228197646573961
425,0.425,0.057494572025958,0.4872519219350188,0.12263683091756308,0.6256086469621727
426,0.426,0.05736083859322725,0.4891543024390238,0.12259491429997928,0.6286974547286698
427,0.427,0.057223884601285836,0.49093602433312344,0.12255561641135461,0.63200575948547
428,0.428,0.057085114980741807,0.4925958014720231,0.12251881043560175,0.6354465321408349
429,0.429,0.05694578096417122,0.49413342987429987,0.12248416782419327,0.6389312716411815
430,0.43,0.056807027478094886,0.4955495520919063,0.1224517730921256,0.6423746322103171
431,0.431,0.05666996109107572,0.4968454181493236,0.1224227200957819,0.6456981706702769
432,0.432,0.056535722961451554,0.49802265544019075,0.12239958080801075,0.6488329903136456
433,0.433,0.05640555069094758,0.49908305780055334,0.12238664988140088,0.6517212330546553
434,0.434,0.05628081503023147,0.500028401679055,0.12238989645656456,0.6543165402156336
435,0.435,0.05616302167609122,0.5008602950587258,0.12241659563421406,0.6565837392249254
436,0.436,0.05605377426264669,0.5015800626694338,0.12247466049023224,0.6584980986621176
437,0.437,0.05595470114235564,0.502188669134191,0.1225717444948455,0.6600445151108361
438,0.438,0.05586735463259891,0.502686680043203,0.12271422592672714,0.6612169493517894
439,0.439,0.0557930960862437,0.5030742595399187,0.12290621298815992,0.6620183240917825
440,0.44,0.055732982667565836,0.5033512018046445,0.12314871526000738,0.662460947964395
441,0.441,0.055687671664217696,0.503516992794687,0.1234391113950115,0.6625673657987977
442,0.442,0.05565735555201643,0.503570897707665,0.1237710059502469,0.6623713819559516
443,0.443,0.05564173629048406,0.5035120688486112,0.12413451537309451,0.6619188902205004
444,0.444,0.05564004126184667,0.5033396678884291,0.12451696283552574,0.6612680935887668
445,0.445,0.055651076898205705,0.5030529959055299,0.12490390376921448,0.6604887245283082
446,0.446,0.05567331044456231,0.5026516241244592,0.12528035796812437,0.659659983244602
447,0.447,0.055704966415791576,0.5021355179390596,0.12563209704313327,0.6588670873288429
448,0.448,0.05574412276232492,0.5015051466757615,0.1259468313840865,0.6581965472476716
449,0.449,0.05578879279569076,0.5007615716610709,0.12621515833655828,0.6577305143633683
450,0.45,0.05583698233511038,0.49990650554999794,0.12643116939033816,0.6575407513353393
451,0.451,0.05588671671659638,0.4989423365858028,0.12659266274523143,0.6576829089569713
452,0.452,0.05593603836243906,0.49787211252077046,0.12670096133427616,0.6581918269803226
453,0.453,0.05598298151104135,0.4966994803420931,0.12676038772367249,0.6590784934817963
454,0.454,0.05602553545890012,0.4954285797064347,0.12677748946610823,0.6603291035755576
455,0.455,0.056061610470120135,0.4940638900604083,0.12676013608123562,0.6619063822312462
456,0.456,0.056089020891672864,0.49261003375729434,0.12671661847359894,0.6637530242203344
457,0.457,0.05610549790062442,0.49107153999459496,0.12665487225635877,0.6657968120661544
458,0.458,0.05610874003295793,0.48945257699007927,0.12658191970376612,0.6679567521953105
459,0.459,0.056096503875944205,0.4877566623627363,0.12650358500304115,0.6701494577849234
460,0.46,0.056066730946389226,0.4859863640490638,0.12642449029062686,0.6722950201648971
461,0.461,0.05601770079917792,0.4841430061143606,0.1263482930494526,0.6743217420636506
462,0.462,0.055948195703044004,0.4822263953615288,0.12627808631322684,0.676169328506257
463,0.463,0.055857659451049424,0.4802345855546125,0.12621685810087127,0.6777904040914656
464,0.464,0.05574633239459262,0.47816369624015076,0.12616789963343922,0.6791505017646586
465,0.465,0.05561534660386927,0.4760078024777881,0.12613506418671402,0.6802269023005989
466,0.466,0.055466768836922836,0.4737589102355917,0.12612280769260684,0.6810068575039656
467,0.467,0.055303584157785204,0.4714070297659311,0.1261359833335618,0.6814857788520534
468,0.468,0.05512961884149668,0.4689403560052339,0.12617940827087415,0.6816659093540516
469,0.46900000000000003,0.05494940686423084,0.46634556103345554,0.12625726339798535,0.6815558311747831
470,0.47000000000000003,0.05476800910573357,0.4636081990252352,0.12637241926783024,0.6811709243870635
471,0.47100000000000003,0.054590797869212886,0.460713219093312,0.12652579764000638,0.6805346261208032
472,0.47200000000000003,0.05442322117179833,0.45764557615317003,0.12671587583906088,0.6796800941982712
473,0.47300000000000003,0.05427056146013102,0.4543909246199881,0.1269384210806207,0.6786517032078105
474,0.47400000000000003,0.05413770218947053,0.4509363745755226,0.12718650805230244,0.6775057318693809
475,0.47500000000000003,0.05402891348631783,0.4472712851949164,0.12745083160579962,0.6763096595025438
476,0.47600000000000003,0.053947665409630724,0.44338806587189517,0.12772028469932528,0.6751396761566493
477,0.47700000000000004,0.05389647464778235,0.4392829517875661,0.12798273651695127,0.6740763025965478
478,0.47800000000000004,0.05387678825275113,0.43495671779404876,0.12822592202222294,0.6731983689990511
479,0.47900000000000004,0.053888906460416504,0.43041529259860534,0.1284383446087305,0.6725759550296366
480,0.48,0.05393194580813676,0.4256702345241423,0.12861009789075187,0.6722631814740923
481,0.481,0.05400384346852833,0.42073903080063013,0.12873352874138716,0.6722919015451527
482,0.482,0.05410140365489739,0.4156451846497845,0.1288036877363934,0.6726673231173217
483,0.483,0.05422038673923689,0.41041805862394576,0.12881854096625017,0.6733663869038478
484,0.484,0.05435564101318187,0.40509244901361097,0.12877894471502574,0.6743393534600598
485,0.485,0.054501275594254585,0.399707874878585,0.12868840846702162,0.6755145737428293
486,0.486,0.05465087079687468,0.3943075765334781,0.12855268975774756,0.676805918431781
487,0.487,0.05479771951626247,0.3889372321244402,0.12837927523474232,0.6781219111627177
488,0.488,0.05493509015964973,0.3836434170311259,0.12817680561683858,0.6793753274639418
489,0.489,0.055056498865796215,0.378471848657718,0.12795449859392996,0.6804919331796304
490,0.49,0.05515597667550563,0.3734654777965714,0.12772161439359045,0.681417156955554
491,0.491,0.055228316385062606,0.3686625058045889,0.12748699563556004,0.6821198006160281
492,0.492,0.05526928432134168,0.3640944226099118,0.12725869843475693,0.6825923414403617
493,0.493,0.05527578431076249,0.35978417212582486,0.12704371779791057,0.6828479050215386
494,0.494,0.05524596453914882,0.3557445570698136,0.1268477992129285,0.6829145093179205
495,0.495,0.05517926246695101,0.3519769928876729,0.12667532137185608,0.6828276196200467
496,0.496,0.05507638795705773,0.3484707095686277,0.1265292327619278,0.6826223367826576
497,0.497,0.05493924967467482,0.34520248067971077,0.126411027023963,0.6823266113337968
498,0.498,0.054770834005619676,0.34213693212377844,0.12632074729527792,0.6819567083070245
499,0.499,0.05457504866830455,0.3392274511405854,0.126257016460471,0.6815157564439296
